<?xml version="1.0" encoding="UTF-8" standalone="no"?>
<!--
@<COPYRIGHT>@
==================================================
Copyright 2014.
Siemens Product Lifecycle Management Software Inc.
All Rights Reserved.
==================================================
@<COPYRIGHT>@
--><ProjectInfo>
    <NameValue key="ProjectBackup.Database.TEMDeploy" value="true"/>
    <NameValue key="isAutoGeneratedDescriptions" value="true"/>
    <NameValue key="ExternalBuild.CompilerFlags.linux" value="-c -fPIC -m64"/>
    <NameValue key="Codegen.Deprecation.NumberOfReleases" value="2"/>
    <NameValue key="Codegen.Deprecation.policy" value="true"/>
    <NameValue key="ExternalBuild.CompileCommand.win64" value="cl"/>
    <NameValue key="ExternalBuild.LinkerFlags.linux" value="-shared"/>
    <NameValue key="ProjectBackup.LocalFileSystem.LastBkpTime" value="2017_07_13_12-01-29"/>
    <NameValue key="SoaExternalBuild.NETWebtierFeatureUuid" value="b7e72d53a97343e7a8a3f8127b04062f"/>
    <NameValue key="ExternalBuild.CompilerFlags.aix" value="-c -qprocimported -qdataimported -qcpluscmt -qrtti-qmaxmem=-1 -qnolm -qnoansialias -qchars=signed -qtbtable=full -qnoro"/>
    <NameValue key="ExternalBuild.CompilerFlags.win64" value="-MD -c -nologo -EHsc %TC_INCLUDE%/msvcpragmas.h -DSTEP -DAP203 -DAP214 -DWIN32_LEAN_AND_MEAN -DWNT -D_CRT_SECURE_NO_DEPRECATE -D_CRT_NONSTDC_NO_DEPRECATE -D_SECURE_SCL\=0 -D_HAS_TR1\=0 -DWNT -D_WIN32 -DWIN32 -D_WIN64 -D_INTEL\=1 -DCRTAPI1\=_cdecl -DCRTAPI2\=cdecl -W3"/>
    <NameValue key="Codegen.Namespace" value="SBT_1PLM4BT"/>
    <NameValue key="ProjectBackup.LocalFileSystem.BackupReminder" value="10"/>
    <NameValue key="Codegen.SrcDir" value="src"/>
    <NameValue key="ExternalBuild.LinkCommand.aix" value="xlC_r"/>
    <NameValue key="ExternalBuild.CompilerFlags.solaris" value="-c -KPIC -DUNX -DSUN -D_SOLARIS_SOURCE -mt -xtarget=ultra3 -xarch=v8plusa"/>
    <NameValue key="ExternalBuild.CompileCommand.aix" value="xlC_r"/>
    <NameValue key="ProjectBackup.LocalFileSystem.EnableBackup" value="true"/>
    <NameValue key="ExternalBuild.LinkCommand.solaris" value="CC"/>
    <NameValue key="ExternalBuild.CompileCommand.linux" value="g++"/>
    <NameValue key="ProjectBackup.Common.IncludeOutputFldr" value="false"/>
    <NameValue key="ExternalBuild.CompileCommand.solaris" value="CC"/>
    <NameValue key="ProjectBackup.Database.EnableBackup" value="true"/>
    <NameValue key="ExternalBuild.LinkCommand.linux" value="g++"/>
    <NameValue key="ExternalBuild.LinkerFlags.solaris" value="-dy -G -Qoption ld -t -xtarget=ultra3 -xarch=v8plusa"/>
    <NameValue key="Codegen.Copyright" value="&#10;Copyright $CURRENT_YEAR.&#10;Siemens Product Lifecycle Management Software Inc.&#10;All Rights Reserved.&#10;"/>
    <NameValue key="ExternalBuild.LinkerFlags.aix" value="-G -berok -bbigtoc -bh:5 -bnoentry -qpriority=1"/>
    <NameValue key="ExternalBuild.LinkCommand.win64" value="link"/>
    <NameValue key="ProjectBackup.Database.LiveDeploy" value="true"/>
    <NameValue key="ExternalBuild.LinkerFlags.win64" value="-dll -debug -nologo -nodefaultlib -incremental\:no -subsystem\:console -dynamicbase -nxcompat"/>
</ProjectInfo>
