<?xml version="1.0" encoding="UTF-8"?>
<TcBusinessData xmlns="http://teamcenter.com/BusinessModel/TcBusinessData" Date="">
<Add>
   <TcAttributeAttach className="ItemRevision">
      <TcAttribute attributeName="bt7_SupplierCode_1" description="" attributeType="POM_string"
          maxStringLength="32" isArray="false" followOnExport="false" isNullsAllowed="true"
          isUnique="false" isPublicRead="true" isPublicWrite="true" isCandidateKey="false"
          isTransient="false" exportAsString="false" noBackpointer="false" lowerBoundValue=""
          upperBoundValue=""/>
      <TcAttribute attributeName="bt7_SupplierCode_2" description="" attributeType="POM_string"
          maxStringLength="32" isArray="false" followOnExport="false" isNullsAllowed="true"
          isUnique="false" isPublicRead="true" isPublicWrite="true" isCandidateKey="false"
          isTransient="false" exportAsString="false" noBackpointer="false" initialValue=""
          lowerBoundValue="" upperBoundValue=""/>
   </TcAttributeAttach>
   <TcPropertyAttach typeName="ItemRevision">
      <TcProperty propName="bt7_rtp_ApprDate_DocMapp" propTypeName="Runtime" propValueType="PROP_string"
          propMaxStringLength="32" isArray="false" arrayLength="0" description="bt7_rtp_ApprDate_DocMapp"
          referencedTypeConstant="" referencedType=""/>
   </TcPropertyAttach>
   <TcPropertyAttach typeName="ItemRevision">
      <TcProperty propName="bt7_rtp_latest_rel_status" propTypeName="Runtime" propValueType="PROP_string"
          propMaxStringLength="32" isArray="false" arrayLength="0" description="bt7_rtp_latest_rel_status"
          referencedTypeConstant="" referencedType=""/>
   </TcPropertyAttach>
   <TcPropertyAttach typeName="ItemRevision">
      <TcProperty propName="bt7_rtp_map_status" propTypeName="Runtime" propValueType="PROP_string"
          propMaxStringLength="32" isArray="false" arrayLength="0" description="bt7_rtp_map_status"
          referencedTypeConstant="" referencedType=""/>
   </TcPropertyAttach>
   <TcPropertyAttach typeName="ItemRevision">
      <TcProperty propName="bt7_rtp_resuom" propTypeName="Runtime" propValueType="PROP_string"
          propMaxStringLength="32" isArray="false" arrayLength="0" description="bt7_rtp_resuom"
          referencedTypeConstant="" referencedType=""/>
   </TcPropertyAttach>
   <TcPropertyAttach typeName="ItemRevisionCreI">
      <OperationInputProperty propName="bt7_rtp_ApprDate_DocMapp" compoundObjectConstant=""
          srcPropName="bt7_rtp_ApprDate_DocMapp" compoundObjectType="" fieldType="SimpleProperty"
          description="bt7_rtp_ApprDate_DocMapp"/>
   </TcPropertyAttach>
   <TcPropertyAttach typeName="ItemRevisionCreI">
      <OperationInputProperty propName="bt7_rtp_latest_rel_status" compoundObjectConstant=""
          srcPropName="bt7_rtp_latest_rel_status" compoundObjectType="" fieldType="SimpleProperty"
          description="bt7_rtp_latest_rel_status"/>
   </TcPropertyAttach>
   <TcPropertyAttach typeName="ItemRevisionCreI">
      <OperationInputProperty propName="bt7_rtp_map_status" compoundObjectConstant=""
          srcPropName="bt7_rtp_map_status" compoundObjectType="" fieldType="SimpleProperty"
          description="bt7_rtp_map_status"/>
   </TcPropertyAttach>
   <TcPropertyAttach typeName="ItemRevisionCreI">
      <OperationInputProperty propName="bt7_rtp_resuom" compoundObjectConstant=""
          srcPropName="bt7_rtp_resuom" compoundObjectType="" fieldType="SimpleProperty"
          description="bt7_rtp_resuom"/>
   </TcPropertyAttach>
   <TcTypeConstantAttach constantName="Awp0SearchIsIndexed" typeName="Item" value="true"/>
   <TcPropertyConstantAttach constantName="Awp0SearchIsIndexed" typeName="ItemRevision"
        propertyName="bt7_RevLastStatus" value="true"/>
   <TcPropertyConstantAttach constantName="CopyFromOriginal" typeName="BT7_CommonCompSvAI"
        propertyName="object_desc" value="true"/>
   <TcPropertyConstantAttach constantName="CopyFromOriginal" typeName="BT7_CommonCompSvAI"
        propertyName="object_name" value="true"/>
   <TcPropertyConstantAttach constantName="CopyFromOriginal" typeName="BT7_ComponentSvAI"
        propertyName="object_desc" value="true"/>
   <TcPropertyConstantAttach constantName="CopyFromOriginal" typeName="BT7_ComponentSvAI"
        propertyName="object_name" value="true"/>
   <TcPropertyConstantAttach constantName="CopyFromOriginal" typeName="BT7_DocumentSvAI"
        propertyName="object_desc" value="true"/>
   <TcPropertyConstantAttach constantName="CopyFromOriginal" typeName="BT7_DocumentSvAI"
        propertyName="object_name" value="true"/>
   <TcPropertyConstantAttach constantName="CopyFromOriginal" typeName="BT7_ProductSvAI"
        propertyName="object_desc" value="true"/>
   <TcPropertyConstantAttach constantName="CopyFromOriginal" typeName="BT7_ProductSvAI"
        propertyName="object_name" value="true"/>
   <TcPropertyConstantAttach constantName="CopyFromOriginal" typeName="BT7_ToolRevisionSvAI"
        propertyName="object_desc" value="true"/>
   <TcPropertyConstantAttach constantName="CopyFromOriginal" typeName="BT7_ToolRevisionSvAI"
        propertyName="object_name" value="true"/>
   <TcPropertyConstantAttach constantName="CopyFromOriginal" typeName="BT7_ToolSvAI"
        propertyName="object_desc" value="true"/>
   <TcPropertyConstantAttach constantName="CopyFromOriginal" typeName="BT7_ToolSvAI"
        propertyName="object_name" value="true"/>
   <TcPropertyConstantAttach constantName="CopyFromOriginal" typeName="BT7_ToolPartSvAI"
        propertyName="object_desc" value="true"/>
   <TcPropertyConstantAttach constantName="CopyFromOriginal" typeName="BT7_ToolPartSvAI"
        propertyName="object_name" value="true"/>
   <TcPropertyConstantAttach constantName="CopyFromOriginal" typeName="BT7_ToolPartRevisionSvAI"
        propertyName="object_desc" value="true"/>
   <TcPropertyConstantAttach constantName="CopyFromOriginal" typeName="BT7_ToolPartRevisionSvAI"
        propertyName="object_name" value="true"/>
   <TcPropertyConstantAttach constantName="Enabled" typeName="BT7_DocumentRevision"
        propertyName="bt7_DocMgnt" value="true"/>
   <TcPropertyConstantAttach constantName="Enabled" typeName="BT7_DocumentRevision"
        propertyName="bt7_documentClass" value="true"/>
   <TcPropertyConstantAttach constantName="Enabled" typeName="BT7_DocumentRevision"
        propertyName="bt7_documentSNType" value="true"/>
   <TcPropertyConstantAttach constantName="Enabled" typeName="BT7_DocumentRevision"
        propertyName="bt7_documentSubClass" value="true"/>
   <TcPropertyConstantAttach constantName="Enabled" typeName="BT7_MaterialRevision"
        propertyName="bt7_cp_canceled" value="true"/>
   <TcPropertyConstantAttach constantName="Enabled" typeName="BT7_MaterialRevision"
        propertyName="bt7_cp_cancelnr" value="true"/>
   <TcPropertyConstantAttach constantName="Enabled" typeName="BT7_MaterialRevision"
        propertyName="bt7_cp_object_name_item" value="true"/>
   <TcPropertyConstantAttach constantName="Enabled" typeName="ItemRevision" propertyName="bt7_rtp_ApprDate_DocMapp"
        value="true"/>
   <TcPropertyConstantAttach constantName="Enabled" typeName="ItemRevision" propertyName="bt7_rtp_latest_rel_status"
        value="true"/>
   <TcPropertyConstantAttach constantName="Enabled" typeName="ItemRevision" propertyName="bt7_rtp_map_status"
        value="true"/>
   <TcPropertyConstantAttach constantName="Enabled" typeName="ItemRevision" propertyName="bt7_rtp_resuom"
        value="true"/>
   <TcPropertyConstantAttach constantName="Enabled" typeName="UGALTREP" propertyName="bt7_cp_CheckClass"
        value="true"/>
   <TcPropertyConstantAttach constantName="Enabled" typeName="UGMASTER" propertyName="bt7_cp_CheckClass"
        value="true"/>
   <TcPropertyConstantAttach constantName="Enabled" typeName="UGPART" propertyName="bt7_cp_CheckClass"
        value="true"/>
   <TcPropertyConstantAttach constantName="Enabled" typeName="UGPartAttr" propertyName="bt7_CheckClass"
        value="true"/>
   <TcPropertyConstantAttach constantName="Modifiable" typeName="BT7_DocumentRevision"
        propertyName="bt7_DocMgnt" value="Write"/>
   <TcPropertyConstantAttach constantName="Modifiable" typeName="BT7_DocumentRevision"
        propertyName="bt7_documentClass" value="Write"/>
   <TcPropertyConstantAttach constantName="Modifiable" typeName="BT7_DocumentRevision"
        propertyName="bt7_documentSNType" value="Write"/>
   <TcPropertyConstantAttach constantName="Modifiable" typeName="BT7_DocumentRevision"
        propertyName="bt7_documentSubClass" value="Write"/>
   <TcPropertyConstantAttach constantName="Modifiable" typeName="BT7_MaterialRevision"
        propertyName="bt7_cp_canceled" value="Write"/>
   <TcPropertyConstantAttach constantName="Modifiable" typeName="BT7_MaterialRevision"
        propertyName="bt7_cp_cancelnr" value="Write"/>
   <TcPropertyConstantAttach constantName="Modifiable" typeName="BT7_MaterialRevision"
        propertyName="bt7_cp_object_name_item" value="Write"/>
   <TcPropertyConstantAttach constantName="Modifiable" typeName="ItemRevision" propertyName="bt7_rtp_ApprDate_DocMapp"
        value="Write"/>
   <TcPropertyConstantAttach constantName="Modifiable" typeName="ItemRevision" propertyName="bt7_rtp_latest_rel_status"
        value="Write"/>
   <TcPropertyConstantAttach constantName="Modifiable" typeName="ItemRevision" propertyName="bt7_rtp_map_status"
        value="Write"/>
   <TcPropertyConstantAttach constantName="Modifiable" typeName="ItemRevision" propertyName="bt7_rtp_resuom"
        value="Write"/>
   <TcPropertyConstantAttach constantName="Modifiable" typeName="Mat1MetaSingleParameter"
        propertyName="mat1UnitAliasName" value="Write"/>
   <TcPropertyConstantAttach constantName="Modifiable" typeName="Mat1ParameterDouble"
        propertyName="mat1UnitAliasName" value="Read"/>
   <TcPropertyConstantAttach constantName="Modifiable" typeName="UGALTREP" propertyName="bt7_cp_CheckClass"
        value="Write"/>
   <TcPropertyConstantAttach constantName="Modifiable" typeName="UGMASTER" propertyName="bt7_cp_CheckClass"
        value="Write"/>
   <TcPropertyConstantAttach constantName="Modifiable" typeName="UGPART" propertyName="bt7_cp_CheckClass"
        value="Write"/>
   <TcPropertyConstantAttach constantName="Modifiable" typeName="UGPartAttr" propertyName="bt7_CheckClass"
        value="Write"/>
   <TcPropertyConstantAttach constantName="Required" typeName="BT7_CommonCompSvAI"
        propertyName="object_desc" value="false"/>
   <TcPropertyConstantAttach constantName="Required" typeName="BT7_CommonCompSvAI"
        propertyName="object_name" value="false"/>
   <TcPropertyConstantAttach constantName="Required" typeName="BT7_ComponentSvAI"
        propertyName="object_desc" value="false"/>
   <TcPropertyConstantAttach constantName="Required" typeName="BT7_ComponentSvAI"
        propertyName="object_name" value="false"/>
   <TcPropertyConstantAttach constantName="Required" typeName="BT7_DocumentRevisionCreI"
        propertyName="bt7_documentClass" value="true"/>
   <TcPropertyConstantAttach constantName="Required" typeName="BT7_DocumentRevisionCreI"
        propertyName="bt7_documentSNType" value="true"/>
   <TcPropertyConstantAttach constantName="Required" typeName="BT7_DocumentRevisionCreI"
        propertyName="bt7_documentSubClass" value="true"/>
   <TcPropertyConstantAttach constantName="Required" typeName="BT7_DocumentSvAI" propertyName="object_desc"
        value="false"/>
   <TcPropertyConstantAttach constantName="Required" typeName="BT7_DocumentSvAI" propertyName="object_name"
        value="false"/>
   <TcPropertyConstantAttach constantName="Required" typeName="BT7_ProductSvAI" propertyName="object_desc"
        value="false"/>
   <TcPropertyConstantAttach constantName="Required" typeName="BT7_ProductSvAI" propertyName="object_name"
        value="false"/>
   <TcPropertyConstantAttach constantName="Required" typeName="BT7_ToolRevisionSvAI"
        propertyName="object_desc" value="false"/>
   <TcPropertyConstantAttach constantName="Required" typeName="BT7_ToolRevisionSvAI"
        propertyName="object_name" value="false"/>
   <TcPropertyConstantAttach constantName="Required" typeName="BT7_ToolSvAI" propertyName="object_desc"
        value="false"/>
   <TcPropertyConstantAttach constantName="Required" typeName="BT7_ToolSvAI" propertyName="object_name"
        value="false"/>
   <TcPropertyConstantAttach constantName="Visible" typeName="BT7_CommonCompSvAI"
        propertyName="object_desc" value="true"/>
   <TcPropertyConstantAttach constantName="Visible" typeName="BT7_CommonCompSvAI"
        propertyName="object_name" value="true"/>
   <TcPropertyConstantAttach constantName="Visible" typeName="BT7_ComponentSvAI" propertyName="object_desc"
        value="true"/>
   <TcPropertyConstantAttach constantName="Visible" typeName="BT7_ComponentSvAI" propertyName="object_name"
        value="true"/>
   <TcPropertyConstantAttach constantName="Visible" typeName="BT7_DocumentSvAI" propertyName="object_name"
        value="true"/>
   <TcPropertyConstantAttach constantName="Visible" typeName="BT7_ProductSvAI" propertyName="object_desc"
        value="true"/>
   <TcPropertyConstantAttach constantName="Visible" typeName="BT7_ProductSvAI" propertyName="object_name"
        value="true"/>
   <TcPropertyConstantAttach constantName="Visible" typeName="BT7_ToolRevisionSvAI"
        propertyName="object_desc" value="true"/>
   <TcPropertyConstantAttach constantName="Visible" typeName="BT7_ToolRevisionSvAI"
        propertyName="object_name" value="true"/>
   <TcPropertyConstantAttach constantName="Visible" typeName="BT7_ToolSvAI" propertyName="object_desc"
        value="true"/>
   <TcPropertyConstantAttach constantName="Visible" typeName="BT7_ToolSvAI" propertyName="object_name"
        value="true"/>
   <TcCompoundPropertyRule destTypeName="BT7_MaterialRevision" destPropertyName="bt7_cp_canceled"
        sourceTypeName="BT7_Material" sourcePropertyName="bt7_canceled" isReadOnly="false"
        pathToSource="REF(items_tag,BT7_Material).bt7_canceled" description="bt7_cp_canceled"/>
   <TcCompoundPropertyRule destTypeName="BT7_MaterialRevision" destPropertyName="bt7_cp_cancelnr"
        sourceTypeName="BT7_Material" sourcePropertyName="bt7_cancelnr" isReadOnly="false"
        pathToSource="REF(items_tag,BT7_Material).bt7_cancelnr" description="bt7_cp_cancelnr"/>
   <TcCompoundPropertyRule destTypeName="BT7_MaterialRevision" destPropertyName="bt7_cp_object_name_item"
        sourceTypeName="BT7_Material" sourcePropertyName="object_name" isReadOnly="false"
        pathToSource="REF(item_revision,BT7_Material).object_name" description="bt7_cp_object_name_item"/>
   <TcCompoundPropertyRule destTypeName="UGALTREP" destPropertyName="bt7_cp_CheckClass"
        sourceTypeName="UGPartAttr" sourcePropertyName="bt7_CheckClass" isReadOnly="true"
        pathToSource="REF(ref_list,UGPartAttr).bt7_CheckClass" description="Compound property of attribute bt7_CheckClass of BO UGPartAttr"/>
   <TcCompoundPropertyRule destTypeName="UGMASTER" destPropertyName="bt7_cp_CheckClass"
        sourceTypeName="UGPartAttr" sourcePropertyName="bt7_CheckClass" isReadOnly="true"
        pathToSource="REF(ref_list,UGPartAttr).bt7_CheckClass" description="Compound property of attribute bt7_CheckClass of BO UGPartAttr"/>
   <TcCompoundPropertyRule destTypeName="UGPART" destPropertyName="bt7_cp_CheckClass"
        sourceTypeName="UGPartAttr" sourcePropertyName="bt7_CheckClass" isReadOnly="true"
        pathToSource="REF(ref_list,UGPartAttr).bt7_CheckClass" description="Compound property of attribute bt7_CheckClass of BO UGPartAttr"/>
   <TcDeepCopyRule typeName="ItemRevision" relRefPropName="IMAN_Rendering" propertyType="Relation"
        objectTypeName="DirectModel" conditionName="isTrue" operationName="ITEM_copy_rev"
        copyType="CopyAsObject" isTargetPrimary="true" secured="true" copyRelationAttributes="true"
        isRequired="false" description=""/>
   <TcDeepCopyRule typeName="ItemRevision" relRefPropName="IMAN_specification" propertyType="Relation"
        objectTypeName="BT7_TcEntValues" conditionName="isTrue" operationName="ITEM_copy_rev"
        copyType="NoCopy" isTargetPrimary="true" secured="false" copyRelationAttributes="true"
        isRequired="false" description=""/>
   <TcDeepCopyRule typeName="ItemRevision" relRefPropName="Mat1UsesMaterial" propertyType="Relation"
        objectTypeName="BT7_MaterialRevision" conditionName="isTrue" operationName="ITEM_copy_rev"
        copyType="CopyAsReference" isTargetPrimary="true" secured="true" copyRelationAttributes="true"
        isRequired="false" description=""/>
   <TcDeepCopyRule typeName="ItemRevision" relRefPropName="IMAN_Rendering" propertyType="Relation"
        objectTypeName="DirectModel" conditionName="isTrue" operationName="ITEM_create_from_rev"
        copyType="CopyAsObject" isTargetPrimary="true" secured="true" copyRelationAttributes="true"
        isRequired="false" description=""/>
   <TcDeepCopyRule typeName="ItemRevision" relRefPropName="IMAN_specification" propertyType="Relation"
        objectTypeName="BT7_TcEntValues" conditionName="isTrue" operationName="ITEM_create_from_rev"
        copyType="NoCopy" isTargetPrimary="true" secured="false" copyRelationAttributes="true"
        isRequired="false" description=""/>
   <TcTypeDisplayRule hiddenTypeName="BT7_Document" accessorName="Designer in 110_MDesign_A"
        accessorType="RoleInGroup" conditionName="isFalse" description=""/>
   <TcTypeDisplayRule hiddenTypeName="BT7_Tool" accessorName="Designer in 110_MDesign_C"
        accessorType="RoleInGroup" conditionName="isFalse" description=""/>
   <TcTypeDisplayRule hiddenTypeName="BT7_ToolPart" accessorName="Designer in 110_MDesign_C"
        accessorType="RoleInGroup" conditionName="isFalse" description=""/>
   <TcTypeDisplayRule hiddenTypeName="BT7_ToolPart" accessorName="Designer in 110_MDesign_D"
        accessorType="RoleInGroup" conditionName="isFalse" description=""/>
   <TcTypeDisplayRule hiddenTypeName="ChangeNotice" accessorName="Organization" accessorType="Organization"
        conditionName="isTrue" description=""/>
   <TcTypeDisplayRule hiddenTypeName="Envelope" accessorName="Organization" accessorType="Organization"
        conditionName="isTrue" description=""/>
   <TcTypeDisplayRule hiddenTypeName="Envelope" accessorName="DBA in dba" accessorType="RoleInGroup"
        conditionName="isFalse" description=""/>
   <TcTypeDisplayRule hiddenTypeName="MEActivity" accessorName="Organization" accessorType="Organization"
        conditionName="isTrue" description=""/>
   <TcTypeDisplayRule hiddenTypeName="MEActivity" accessorName="DBA in dba" accessorType="RoleInGroup"
        conditionName="isFalse" description=""/>
   <TcTypeDisplayRule hiddenTypeName="MENCProgram" accessorName="Organization" accessorType="Organization"
        conditionName="isTrue" description=""/>
   <TcTypeDisplayRule hiddenTypeName="MENCProgram" accessorName="DBA in dba" accessorType="RoleInGroup"
        conditionName="isFalse" description=""/>
   <TcTypeDisplayRule hiddenTypeName="MENCToolActivity" accessorName="Organization"
        accessorType="Organization" conditionName="isTrue" description=""/>
   <TcTypeDisplayRule hiddenTypeName="MENCToolActivity" accessorName="DBA in dba"
        accessorType="RoleInGroup" conditionName="isFalse" description=""/>
   <TcTypeDisplayRule hiddenTypeName="StdFolder" accessorName="Organization" accessorType="Organization"
        conditionName="isTrue" description=""/>
   <TcTypeDisplayRule hiddenTypeName="StdFolder" accessorName="DBA in dba" accessorType="RoleInGroup"
        conditionName="isFalse" description=""/>
   <TcExtensionAttach extensionName="BT7_RelSpecifiedDeletePreCondition" operationName="IMAN_delete"
        isActive="true" extendableElementName="BT7_Includes" extendableElementType="Type"
        extensionPointType="PreCondition" conditionName="isTrue" description=""/>
   <TcNamingRule name="BT7_object_name_CCR_Rule">
      <TcPattern generateCounters="false" patternString="%^[A-Za-z0-9\ \/\(\)\+\&gt;\&lt;\=\&apos;\-\@\_\.\,\;\:\°\%\&amp;\µ]{1,40}$"/>
   </TcNamingRule>
   <TcNamingRuleAttach ruleName="BT7_RevisionID" typeName="BT7_ToolPart" propertyName="item_revision_id"
        case="Upper" conditionName="isTrue" override="false" ruleType="NamingRule"
        description=""/>
   <TcNamingRuleAttach ruleName="BT7_object_name_CCR_Rule" typeName="BT7_CommonComp"
        propertyName="object_name" case="Mix" conditionName="isTrue" override="true"
        ruleType="NamingRule" description=""/>
   <TcLOV name="Bt7_LOV_Class_Dev_Con" lovType="ListOfValuesString" usage="Exhaustive"
        description="">
      <TcLOVValue value="dtype_01" description="" conditionName="isTrue"/>
      <TcLOVValue value="dtype_06" description="" conditionName="isTrue"/>
      <TcLOVValue value="dtype_07" description="" conditionName="isTrue"/>
      <TcLOVValue value="dtype_13" description="" conditionName="isTrue"/>
      <TcLOVValue value="dtype_22" description="" conditionName="isTrue"/>
      <TcLOVValue value="dtype_24" description="" conditionName="isTrue"/>
      <TcLOVValue value="dtype_25" description="" conditionName="isTrue"/>
      <TcLOVValue value="dtype_29" description="" conditionName="isTrue"/>
   </TcLOV>
   <TcLOV name="Bt7_LOV_Class_Dev_PaP" lovType="ListOfValuesString" usage="Exhaustive"
        description="">
      <TcLOVValue value="dtype_13" description="" conditionName="isTrue"/>
      <TcLOVValue value="dtype_22" description="" conditionName="isTrue"/>
      <TcLOVValue value="dtype_25" description="" conditionName="isTrue"/>
      <TcLOVValue value="dtype_29" description="" conditionName="isTrue"/>
   </TcLOV>
   <TcLOV name="Bt7_LOV_Class_Dev_Spec" lovType="ListOfValuesString" usage="Exhaustive"
        description="">
      <TcLOVValue value="dtype_01" description="" conditionName="isTrue"/>
      <TcLOVValue value="dtype_04" description="" conditionName="isTrue"/>
      <TcLOVValue value="dtype_06" description="" conditionName="isTrue"/>
      <TcLOVValue value="dtype_08" description="" conditionName="isTrue"/>
      <TcLOVValue value="dtype_13" description="" conditionName="isTrue"/>
      <TcLOVValue value="dtype_22" description="" conditionName="isTrue"/>
      <TcLOVValue value="dtype_24" description="" conditionName="isTrue"/>
      <TcLOVValue value="dtype_25" description="" conditionName="isTrue"/>
      <TcLOVValue value="dtype_29" description="" conditionName="isTrue"/>
   </TcLOV>
   <TcLOV name="Bt7_LOV_Class_Dev_Ver" lovType="ListOfValuesString" usage="Exhaustive"
        description="">
      <TcLOVValue value="dtype_01" description="" conditionName="isTrue"/>
      <TcLOVValue value="dtype_02" description="" conditionName="isTrue"/>
      <TcLOVValue value="dtype_04" description="" conditionName="isTrue"/>
      <TcLOVValue value="dtype_06" description="" conditionName="isTrue"/>
      <TcLOVValue value="dtype_13" description="" conditionName="isTrue"/>
      <TcLOVValue value="dtype_15" description="" conditionName="isTrue"/>
      <TcLOVValue value="dtype_16" description="" conditionName="isTrue"/>
      <TcLOVValue value="dtype_20" description="" conditionName="isTrue"/>
      <TcLOVValue value="dtype_22" description="" conditionName="isTrue"/>
      <TcLOVValue value="dtype_25" description="" conditionName="isTrue"/>
      <TcLOVValue value="dtype_29" description="" conditionName="isTrue"/>
   </TcLOV>
   <TcLOV name="Bt7_LOV_Class_MaP_Con" lovType="ListOfValuesString" usage="Exhaustive"
        description="">
      <TcLOVValue value="dtype_07" description="" conditionName="isTrue"/>
      <TcLOVValue value="dtype_13" description="" conditionName="isTrue"/>
      <TcLOVValue value="dtype_22" description="" conditionName="isTrue"/>
      <TcLOVValue value="dtype_25" description="" conditionName="isTrue"/>
      <TcLOVValue value="dtype_29" description="" conditionName="isTrue"/>
   </TcLOV>
   <TcLOV name="Bt7_LOV_Class_MaP_PaP" lovType="ListOfValuesString" usage="Exhaustive"
        description="">
      <TcLOVValue value="dtype_09" description="" conditionName="isTrue"/>
      <TcLOVValue value="dtype_13" description="" conditionName="isTrue"/>
      <TcLOVValue value="dtype_14" description="" conditionName="isTrue"/>
      <TcLOVValue value="dtype_21" description="" conditionName="isTrue"/>
      <TcLOVValue value="dtype_22" description="" conditionName="isTrue"/>
      <TcLOVValue value="dtype_25" description="" conditionName="isTrue"/>
      <TcLOVValue value="dtype_28" description="" conditionName="isTrue"/>
      <TcLOVValue value="dtype_29" description="" conditionName="isTrue"/>
   </TcLOV>
   <TcLOV name="Bt7_LOV_Class_MaP_Spec" lovType="ListOfValuesString" usage="Exhaustive"
        description="">
      <TcLOVValue value="dtype_13" description="" conditionName="isTrue"/>
      <TcLOVValue value="dtype_22" description="" conditionName="isTrue"/>
      <TcLOVValue value="dtype_25" description="" conditionName="isTrue"/>
      <TcLOVValue value="dtype_29" description="" conditionName="isTrue"/>
   </TcLOV>
   <TcLOV name="Bt7_LOV_Class_MaP_Ver" lovType="ListOfValuesString" usage="Exhaustive"
        description="">
      <TcLOVValue value="dtype_13" description="" conditionName="isTrue"/>
      <TcLOVValue value="dtype_22" description="" conditionName="isTrue"/>
      <TcLOVValue value="dtype_25" description="" conditionName="isTrue"/>
      <TcLOVValue value="dtype_29" description="" conditionName="isTrue"/>
   </TcLOV>
   <TcLOV name="Bt7_LOV_Class_Manu_Con" lovType="ListOfValuesString" usage="Exhaustive"
        description="">
      <TcLOVValue value="dtype_01" description="" conditionName="isTrue"/>
      <TcLOVValue value="dtype_06" description="" conditionName="isTrue"/>
      <TcLOVValue value="dtype_07" description="" conditionName="isTrue"/>
      <TcLOVValue value="dtype_13" description="" conditionName="isTrue"/>
      <TcLOVValue value="dtype_22" description="" conditionName="isTrue"/>
      <TcLOVValue value="dtype_24" description="" conditionName="isTrue"/>
      <TcLOVValue value="dtype_25" description="" conditionName="isTrue"/>
      <TcLOVValue value="dtype_29" description="" conditionName="isTrue"/>
   </TcLOV>
   <TcLOV name="Bt7_LOV_Class_Manu_PaP" lovType="ListOfValuesString" usage="Exhaustive"
        description="">
      <TcLOVValue value="dtype_13" description="" conditionName="isTrue"/>
      <TcLOVValue value="dtype_22" description="" conditionName="isTrue"/>
      <TcLOVValue value="dtype_25" description="" conditionName="isTrue"/>
      <TcLOVValue value="dtype_29" description="" conditionName="isTrue"/>
   </TcLOV>
   <TcLOV name="Bt7_LOV_Class_Manu_Spec" lovType="ListOfValuesString" usage="Exhaustive"
        description="">
      <TcLOVValue value="dtype_01" description="" conditionName="isTrue"/>
      <TcLOVValue value="dtype_03" description="" conditionName="isTrue"/>
      <TcLOVValue value="dtype_04" description="" conditionName="isTrue"/>
      <TcLOVValue value="dtype_05" description="" conditionName="isTrue"/>
      <TcLOVValue value="dtype_06" description="" conditionName="isTrue"/>
      <TcLOVValue value="dtype_08" description="" conditionName="isTrue"/>
      <TcLOVValue value="dtype_11" description="" conditionName="isTrue"/>
      <TcLOVValue value="dtype_13" description="" conditionName="isTrue"/>
      <TcLOVValue value="dtype_18" description="" conditionName="isTrue"/>
      <TcLOVValue value="dtype_19" description="" conditionName="isTrue"/>
      <TcLOVValue value="dtype_22" description="" conditionName="isTrue"/>
      <TcLOVValue value="dtype_23" description="" conditionName="isTrue"/>
      <TcLOVValue value="dtype_24" description="" conditionName="isTrue"/>
      <TcLOVValue value="dtype_25" description="" conditionName="isTrue"/>
      <TcLOVValue value="dtype_26" description="" conditionName="isTrue"/>
      <TcLOVValue value="dtype_27" description="" conditionName="isTrue"/>
      <TcLOVValue value="dtype_29" description="" conditionName="isTrue"/>
   </TcLOV>
   <TcLOV name="Bt7_LOV_Class_Manu_Ver" lovType="ListOfValuesString" usage="Exhaustive"
        description="">
      <TcLOVValue value="dtype_01" description="" conditionName="isTrue"/>
      <TcLOVValue value="dtype_02" description="" conditionName="isTrue"/>
      <TcLOVValue value="dtype_04" description="" conditionName="isTrue"/>
      <TcLOVValue value="dtype_05" description="" conditionName="isTrue"/>
      <TcLOVValue value="dtype_06" description="" conditionName="isTrue"/>
      <TcLOVValue value="dtype_12" description="" conditionName="isTrue"/>
      <TcLOVValue value="dtype_13" description="" conditionName="isTrue"/>
      <TcLOVValue value="dtype_15" description="" conditionName="isTrue"/>
      <TcLOVValue value="dtype_16" description="" conditionName="isTrue"/>
      <TcLOVValue value="dtype_20" description="" conditionName="isTrue"/>
      <TcLOVValue value="dtype_22" description="" conditionName="isTrue"/>
      <TcLOVValue value="dtype_25" description="" conditionName="isTrue"/>
      <TcLOVValue value="dtype_29" description="" conditionName="isTrue"/>
   </TcLOV>
   <TcLOV name="Bt7_LOV_Class_UaD_Con" lovType="ListOfValuesString" usage="Exhaustive"
        description="">
      <TcLOVValue value="dtype_07" description="" conditionName="isTrue"/>
      <TcLOVValue value="dtype_13" description="" conditionName="isTrue"/>
      <TcLOVValue value="dtype_22" description="" conditionName="isTrue"/>
      <TcLOVValue value="dtype_24" description="" conditionName="isTrue"/>
      <TcLOVValue value="dtype_25" description="" conditionName="isTrue"/>
      <TcLOVValue value="dtype_29" description="" conditionName="isTrue"/>
   </TcLOV>
   <TcLOV name="Bt7_LOV_Class_UaD_PaP" lovType="ListOfValuesString" usage="Exhaustive"
        description="">
      <TcLOVValue value="dtype_13" description="" conditionName="isTrue"/>
      <TcLOVValue value="dtype_22" description="" conditionName="isTrue"/>
      <TcLOVValue value="dtype_25" description="" conditionName="isTrue"/>
      <TcLOVValue value="dtype_29" description="" conditionName="isTrue"/>
   </TcLOV>
   <TcLOV name="Bt7_LOV_Class_UaD_Spec" lovType="ListOfValuesString" usage="Exhaustive"
        description="">
      <TcLOVValue value="dtype_05" description="" conditionName="isTrue"/>
      <TcLOVValue value="dtype_10" description="" conditionName="isTrue"/>
      <TcLOVValue value="dtype_13" description="" conditionName="isTrue"/>
      <TcLOVValue value="dtype_17" description="" conditionName="isTrue"/>
      <TcLOVValue value="dtype_18" description="" conditionName="isTrue"/>
      <TcLOVValue value="dtype_22" description="" conditionName="isTrue"/>
      <TcLOVValue value="dtype_24" description="" conditionName="isTrue"/>
      <TcLOVValue value="dtype_25" description="" conditionName="isTrue"/>
      <TcLOVValue value="dtype_29" description="" conditionName="isTrue"/>
   </TcLOV>
   <TcLOV name="Bt7_LOV_Class_UaD_Ver" lovType="ListOfValuesString" usage="Exhaustive"
        description="">
      <TcLOVValue value="dtype_05" description="" conditionName="isTrue"/>
      <TcLOVValue value="dtype_13" description="" conditionName="isTrue"/>
      <TcLOVValue value="dtype_15" description="" conditionName="isTrue"/>
      <TcLOVValue value="dtype_16" description="" conditionName="isTrue"/>
      <TcLOVValue value="dtype_22" description="" conditionName="isTrue"/>
      <TcLOVValue value="dtype_25" description="" conditionName="isTrue"/>
      <TcLOVValue value="dtype_29" description="" conditionName="isTrue"/>
   </TcLOV>
   <TcLOV name="Bt7_LOV_DocumentClass" lovType="ListOfValuesString" usage="Exhaustive"
        description="">
      <TcLOVValue value="dclass_dev" description="" conditionName="isTrue"/>
      <TcLOVValue value="dclass_manu" description="" conditionName="isTrue"/>
      <TcLOVValue value="dclass_UaD" description="" conditionName="isTrue"/>
      <TcLOVValue value="dclass_MaP" description="" conditionName="isTrue"/>
   </TcLOV>
   <TcLOV name="Bt7_LOV_DocumentSubclass_MaP" lovType="ListOfValuesString" usage="Exhaustive"
        description="">
      <TcLOVValue value="dsclass_Con_MaP" description="" conditionName="isTrue"/>
      <TcLOVValue value="dsclass_Spec_MaP" description="" conditionName="isTrue"/>
      <TcLOVValue value="dsclass_Ver_MaP" description="" conditionName="isTrue"/>
      <TcLOVValue value="dsclass_PaP_MaP" description="" conditionName="isTrue"/>
   </TcLOV>
   <TcLOV name="Bt7_LOV_DocumentSubclass_UaD" lovType="ListOfValuesString" usage="Exhaustive"
        description="">
      <TcLOVValue value="dsclass_Con_UaD" description="" conditionName="isTrue"/>
      <TcLOVValue value="dsclass_Spec_UaD" description="" conditionName="isTrue"/>
      <TcLOVValue value="dsclass_Ver_UaD" description="" conditionName="isTrue"/>
      <TcLOVValue value="dsclass_PaP_UaD" description="" conditionName="isTrue"/>
   </TcLOV>
   <TcLOV name="Bt7_LOV_DocumentSubclass_dev" lovType="ListOfValuesString" usage="Exhaustive"
        description="">
      <TcLOVValue value="dsclass_Con_dev" description="" conditionName="isTrue"/>
      <TcLOVValue value="dsclass_Spec_dev" description="" conditionName="isTrue"/>
      <TcLOVValue value="dsclass_Ver_dev" description="" conditionName="isTrue"/>
      <TcLOVValue value="dsclass_PaP_dev" description="" conditionName="isTrue"/>
   </TcLOV>
   <TcLOV name="Bt7_LOV_DocumentSubclass_manu" lovType="ListOfValuesString" usage="Exhaustive"
        description="">
      <TcLOVValue value="dsclass_Con_manu" description="" conditionName="isTrue"/>
      <TcLOVValue value="dsclass_Spec_manu" description="" conditionName="isTrue"/>
      <TcLOVValue value="dsclass_Ver_manu" description="" conditionName="isTrue"/>
      <TcLOVValue value="dsclass_PaP_manu" description="" conditionName="isTrue"/>
   </TcLOV>
   <TcLOVValueSubLOVAttach targetLOVName="Bt7_LOV_DocumentClass" targetValue="dclass_dev"
        subLOVName="Bt7_LOV_DocumentSubclass_dev" conditionName="isTrue"/>
   <TcLOVValueSubLOVAttach targetLOVName="Bt7_LOV_DocumentClass" targetValue="dclass_manu"
        subLOVName="Bt7_LOV_DocumentSubclass_manu" conditionName="isTrue"/>
   <TcLOVValueSubLOVAttach targetLOVName="Bt7_LOV_DocumentClass" targetValue="dclass_MaP"
        subLOVName="Bt7_LOV_DocumentSubclass_MaP" conditionName="isTrue"/>
   <TcLOVValueSubLOVAttach targetLOVName="Bt7_LOV_DocumentClass" targetValue="dclass_UaD"
        subLOVName="Bt7_LOV_DocumentSubclass_UaD" conditionName="isTrue"/>
   <TcLOVValueSubLOVAttach targetLOVName="Bt7_LOV_DocumentSubclass_dev" targetValue="dsclass_Con_dev"
        subLOVName="Bt7_LOV_Class_Dev_Con" conditionName="isTrue"/>
   <TcLOVValueSubLOVAttach targetLOVName="Bt7_LOV_DocumentSubclass_manu" targetValue="dsclass_Con_manu"
        subLOVName="Bt7_LOV_Class_Manu_Con" conditionName="isTrue"/>
   <TcLOVValueSubLOVAttach targetLOVName="Bt7_LOV_DocumentSubclass_MaP" targetValue="dsclass_Con_MaP"
        subLOVName="Bt7_LOV_Class_MaP_Con" conditionName="isTrue"/>
   <TcLOVValueSubLOVAttach targetLOVName="Bt7_LOV_DocumentSubclass_UaD" targetValue="dsclass_Con_UaD"
        subLOVName="Bt7_LOV_Class_UaD_Con" conditionName="isTrue"/>
   <TcLOVValueSubLOVAttach targetLOVName="Bt7_LOV_DocumentSubclass_dev" targetValue="dsclass_PaP_dev"
        subLOVName="Bt7_LOV_Class_Dev_PaP" conditionName="isTrue"/>
   <TcLOVValueSubLOVAttach targetLOVName="Bt7_LOV_DocumentSubclass_manu" targetValue="dsclass_PaP_manu"
        subLOVName="Bt7_LOV_Class_Manu_PaP" conditionName="isTrue"/>
   <TcLOVValueSubLOVAttach targetLOVName="Bt7_LOV_DocumentSubclass_MaP" targetValue="dsclass_PaP_MaP"
        subLOVName="Bt7_LOV_Class_MaP_PaP" conditionName="isTrue"/>
   <TcLOVValueSubLOVAttach targetLOVName="Bt7_LOV_DocumentSubclass_UaD" targetValue="dsclass_PaP_UaD"
        subLOVName="Bt7_LOV_Class_UaD_PaP" conditionName="isTrue"/>
   <TcLOVValueSubLOVAttach targetLOVName="Bt7_LOV_DocumentSubclass_dev" targetValue="dsclass_Spec_dev"
        subLOVName="Bt7_LOV_Class_Dev_Spec" conditionName="isTrue"/>
   <TcLOVValueSubLOVAttach targetLOVName="Bt7_LOV_DocumentSubclass_manu" targetValue="dsclass_Spec_manu"
        subLOVName="Bt7_LOV_Class_Manu_Spec" conditionName="isTrue"/>
   <TcLOVValueSubLOVAttach targetLOVName="Bt7_LOV_DocumentSubclass_MaP" targetValue="dsclass_Spec_MaP"
        subLOVName="Bt7_LOV_Class_MaP_Spec" conditionName="isTrue"/>
   <TcLOVValueSubLOVAttach targetLOVName="Bt7_LOV_DocumentSubclass_UaD" targetValue="dsclass_Spec_UaD"
        subLOVName="Bt7_LOV_Class_UaD_Spec" conditionName="isTrue"/>
   <TcLOVValueSubLOVAttach targetLOVName="Bt7_LOV_DocumentSubclass_dev" targetValue="dsclass_Ver_dev"
        subLOVName="Bt7_LOV_Class_Dev_Ver" conditionName="isTrue"/>
   <TcLOVValueSubLOVAttach targetLOVName="Bt7_LOV_DocumentSubclass_manu" targetValue="dsclass_Ver_manu"
        subLOVName="Bt7_LOV_Class_Manu_Ver" conditionName="isTrue"/>
   <TcLOVValueSubLOVAttach targetLOVName="Bt7_LOV_DocumentSubclass_MaP" targetValue="dsclass_Ver_MaP"
        subLOVName="Bt7_LOV_Class_MaP_Ver" conditionName="isTrue"/>
   <TcLOVValueSubLOVAttach targetLOVName="Bt7_LOV_DocumentSubclass_UaD" targetValue="dsclass_Ver_UaD"
        subLOVName="Bt7_LOV_Class_UaD_Ver" conditionName="isTrue"/>
   <TcLOVAttach lovName="Bt7_LOV_DocumentClass" typeName="BT7_DocumentRevision">
      <TcLOVAttachPropertyInfo valuePropertyName="bt7_documentClass" conditionName="isTrue"
          override="false" level="1"/>
      <TcLOVAttachPropertyInfo valuePropertyName="bt7_documentSubClass" conditionName="isTrue"
          override="false" level="2" parentPropertyName="bt7_documentClass"/>
      <TcLOVAttachPropertyInfo valuePropertyName="bt7_documentSNType" conditionName="isTrue"
          override="false" level="3" parentPropertyName="bt7_documentSubClass"/>
   </TcLOVAttach>
   <PropertyRendererAttach rendererName="BT7_ToolPartPartTyp_PropRenderer" typeName="BT7_ToolPart"
        propertyName="object_string" conditionName="isTrue"/>
   <PropertyRendererAttach rendererName="BT7_ToolPartRevPartTyp_PropRenderer" typeName="BT7_ToolPartRevision"
        propertyName="object_string" conditionName="isTrue"/>
</Add>
</TcBusinessData>
