<?xml version="1.0" encoding="UTF-8" standalone="no"?>
<TcBusinessDataIncludes>
    <include file="default.xml"/>
    <include file="bt7_options/bt7_status.xml"/>
    <include file="bt7_options/bt_tools.xml"/>
    <include file="bt7_options/bt7_uom.xml"/>
    <include file="bt7_options/bt7_note_types.xml"/>
    <include file="bt7_lov/bt7_lov_alternateuom.xml"/>
    <include file="bt7_lov/bt7_lov_appruser_2.xml"/>
    <include file="bt7_lov/bt7_lov_2ndlanguagecode.xml"/>
    <include file="bt7_lov/bt7_lov_datasetdesc.xml"/>
    <include file="bt7_lov/bt7_lov_docorigin.xml"/>
    <include file="bt7_lov/bt7_lov_documenttype.xml"/>
    <include file="bt7_lov/bt7_lov_documenttype_de.xml"/>
    <include file="bt7_lov/bt7_lov_documenttype_en.xml"/>
    <include file="bt7_lov/bt7_lov_firstuse.xml"/>
    <include file="bt7_lov/bt7_lov_generaltolerance.xml"/>
    <include file="bt7_lov/bt7_lov_massunit.xml"/>
    <include file="bt7_lov/bt7_lov_methodofmanufact.xml"/>
    <include file="bt7_lov/bt7_lov_methodofmanufact_de.xml"/>
    <include file="bt7_lov/bt7_lov_methodofmanufact_en.xml"/>
    <include file="bt7_lov/bt7_lov_parttype.xml"/>
    <include file="bt7_lov/bt7_lov_parttype_de.xml"/>
    <include file="bt7_lov/bt7_lov_parttype_en.xml"/>
    <include file="bt7_lov/bt7_lov_producttype.xml"/>
    <include file="bt7_lov/bt7_lov_producttype_de.xml"/>
    <include file="bt7_lov/bt7_lov_producttype_en.xml"/>
    <include file="bt7_lov/bt7_lov_responsible.xml"/>
    <include file="bt7_lov/bt7_lov_statuslist.xml"/>
    <include file="bt7_lov/bt7_lov_supplier.xml"/>
    <include file="bt7_lov/bt7_lov_surface.xml"/>
    <include file="bt7_lov/bt7_lov_surface_de.xml"/>
    <include file="bt7_lov/bt7_lov_surface_en.xml"/>
    <include file="bt7_lov/bt7_lov_tcentdocclass.xml"/>
    <include file="bt7_lov/bt7_lov_tooltype.xml"/>
    <include file="bt7_lov/bt7_lov_tooltype_de.xml"/>
    <include file="bt7_lov/bt7_lov_tooltype_en.xml"/>
    <include file="bt7_lov/bt7_lov_treatment.xml"/>
    <include file="bt7_lov/bt7_lov_treatment_de.xml"/>
    <include file="bt7_lov/bt7_lov_treatment_en.xml"/>
    <include file="bt7_lov/bt7_lov_volumeunit.xml"/>
    <include file="bt7_lov/bt7_lov_yesorno.xml"/>
    <include file="bt7_lov/overallscore_overalldirective1.xml"/>
    <include file="bt7_business_objects/bt7_business_objects.xml"/>
    <include file="bt7_rules/bt7_extension_rules.xml"/>
    <include file="bt7_lov/bt7_lov_authority_classification.xml"/>
    <include file="bt7_rules/bt7_condition.xml"/>
    <include file="bt7_btconfigbg/bt7_btconfigbg.xml"/>
    <include file="bt7_multisite_delta_changes.xml"/>
</TcBusinessDataIncludes>
