<?xml version="1.0" encoding="UTF-8"?>
<TcBusinessData xmlns="http://teamcenter.com/BusinessModel/TcBusinessData" Date="">
<Add>
   <TcLOV name="BT7_LOV_MassUnit" lovType="ListOfValuesString" usage="Exhaustive"
       description="BT7_LOV_MassUnit">
     <TcLOVValue value="g" description="" conditionName="isTrue"/>
     <TcLOVValue value="kg" description="" conditionName="isTrue"/>
     <TcLOVValue value="mg" description="" conditionName="isTrue"/>
     <TcLOVValue value="t" description="" conditionName="isTrue"/>
   </TcLOV>
</Add>
</TcBusinessData>
