<?xml version="1.0" encoding="UTF-8"?>
<TcBusinessData xmlns="http://teamcenter.com/BusinessModel/TcBusinessData" Date="">
<Add>
   <TcPropertyConstantAttach constantName="Enabled" typeName="BT7_ComponentRevision"
       propertyName="bt7_cp_AlternateUOM" value="true"/>
   <TcPropertyConstantAttach constantName="Enabled" typeName="BT7_ComponentRevision"
       propertyName="bt7_cp_EqPartNo" value="true"/>
   <TcPropertyConstantAttach constantName="Enabled" typeName="BT7_ComponentRevision"
       propertyName="bt7_cp_item_id_Material" value="true"/>
   <TcPropertyConstantAttach constantName="Enabled" typeName="BT7_ComponentRevision"
       propertyName="bt7_cp_item_id_Material_2" value="true"/>
   <TcPropertyConstantAttach constantName="Enabled" typeName="BT7_ComponentRevision"
       propertyName="bt7_cp_item_rev_id_Mat_2" value="true"/>
   <TcPropertyConstantAttach constantName="Enabled" typeName="BT7_ComponentRevision"
       propertyName="bt7_cp_item_rev_id_Material" value="true"/>
   <TcPropertyConstantAttach constantName="Enabled" typeName="BT7_ComponentRevision"
       propertyName="bt7_cp_ItemDesc_2" value="true"/>
   <TcPropertyConstantAttach constantName="Enabled" typeName="BT7_ComponentRevision"
       propertyName="bt7_cp_ItemName_2" value="true"/>
   <TcPropertyConstantAttach constantName="Enabled" typeName="BT7_ComponentRevision"
       propertyName="bt7_cp_MaterialAbbrev" value="true"/>
   <TcPropertyConstantAttach constantName="Enabled" typeName="BT7_ComponentRevision"
       propertyName="bt7_cp_MaterialAbbrev_2" value="true"/>
   <TcPropertyConstantAttach constantName="Enabled" typeName="BT7_ComponentRevision"
       propertyName="bt7_cp_MaterialColour" value="true"/>
   <TcPropertyConstantAttach constantName="Enabled" typeName="BT7_ComponentRevision"
       propertyName="bt7_cp_MaterialColour_2" value="true"/>
   <TcPropertyConstantAttach constantName="Enabled" typeName="BT7_ComponentRevision"
       propertyName="bt7_cp_MaterialDensity" value="true"/>
   <TcPropertyConstantAttach constantName="Enabled" typeName="BT7_ComponentRevision"
       propertyName="bt7_cp_MaterialDensity_2" value="true"/>
   <TcPropertyConstantAttach constantName="Enabled" typeName="BT7_ComponentRevision"
       propertyName="bt7_cp_MaterialNumber" value="true"/>
   <TcPropertyConstantAttach constantName="Enabled" typeName="BT7_ComponentRevision"
       propertyName="bt7_cp_MaterialNumber_2" value="true"/>
   <TcPropertyConstantAttach constantName="Enabled" typeName="BT7_ComponentRevision"
       propertyName="bt7_cp_MaterialStandard" value="true"/>
   <TcPropertyConstantAttach constantName="Enabled" typeName="BT7_ComponentRevision"
       propertyName="bt7_cp_MaterialStandard_2" value="true"/>
   <TcPropertyConstantAttach constantName="Enabled" typeName="BT7_ComponentRevision"
       propertyName="bt7_cp_object_name_Item" value="true"/>
   <TcPropertyConstantAttach constantName="Enabled" typeName="BT7_ComponentRevision"
       propertyName="bt7_cp_object_name_Mat_2" value="true"/>
   <TcPropertyConstantAttach constantName="Enabled" typeName="BT7_ComponentRevision"
       propertyName="bt7_cp_object_name_Material" value="true"/>
   <TcPropertyConstantAttach constantName="Enabled" typeName="BT7_ComponentRevision"
       propertyName="bt7_cp_ShortText" value="true"/>
   <TcPropertyConstantAttach constantName="Enabled" typeName="BT7_ComponentRevision"
       propertyName="bt7_cp_TCEnt_Doc_Class" value="true"/>
   <TcPropertyConstantAttach constantName="Enabled" typeName="BT7_DocumentRevision"
       propertyName="bt7_cp_DocType_2" value="true"/>
   <TcPropertyConstantAttach constantName="Enabled" typeName="BT7_DocumentRevision"
       propertyName="bt7_cp_DocumentType" value="true"/>
   <TcPropertyConstantAttach constantName="Enabled" typeName="BT7_DocumentRevision"
       propertyName="bt7_cp_EqPartNo" value="true"/>
   <TcPropertyConstantAttach constantName="Enabled" typeName="BT7_DocumentRevision"
       propertyName="bt7_cp_ItemDesc_2" value="true"/>
   <TcPropertyConstantAttach constantName="Enabled" typeName="BT7_DocumentRevision"
       propertyName="bt7_cp_ItemName_2" value="true"/>
   <TcPropertyConstantAttach constantName="Enabled" typeName="BT7_DocumentRevision"
       propertyName="bt7_cp_object_name_Item" value="true"/>
   <TcPropertyConstantAttach constantName="Enabled" typeName="BT7_DocumentRevision"
       propertyName="bt7_cp_TCEnt_Doc_Class" value="true"/>
   <TcPropertyConstantAttach constantName="Enabled" typeName="BT7_Material" propertyName="bt7_cp_MaterialAbbrev"
       value="true"/>
   <TcPropertyConstantAttach constantName="Enabled" typeName="BT7_Material" propertyName="bt7_cp_MaterialColour"
       value="true"/>
   <TcPropertyConstantAttach constantName="Enabled" typeName="BT7_Material" propertyName="bt7_cp_MaterialDensity"
       value="true"/>
   <TcPropertyConstantAttach constantName="Enabled" typeName="BT7_Material" propertyName="bt7_cp_MaterialNumber"
       value="true"/>
   <TcPropertyConstantAttach constantName="Enabled" typeName="BT7_Material" propertyName="bt7_cp_MaterialStandard"
       value="true"/>
   <TcPropertyConstantAttach constantName="Enabled" typeName="BT7_MaterialRevision"
       propertyName="bt7_cp_canceled" value="true"/>
   <TcPropertyConstantAttach constantName="Enabled" typeName="BT7_MaterialRevision"
       propertyName="bt7_cp_cancelnr" value="true"/>
   <TcPropertyConstantAttach constantName="Enabled" typeName="BT7_MaterialRevision"
       propertyName="bt7_cp_object_name_Item" value="true"/>
   <TcPropertyConstantAttach constantName="Enabled" typeName="BT7_ProductRevision"
       propertyName="bt7_cp_AlternateUOM" value="true"/>
   <TcPropertyConstantAttach constantName="Enabled" typeName="BT7_ProductRevision"
       propertyName="bt7_cp_articletype" value="true"/>
   <TcPropertyConstantAttach constantName="Enabled" typeName="BT7_ProductRevision"
       propertyName="bt7_cp_ItemDesc_2" value="true"/>
   <TcPropertyConstantAttach constantName="Enabled" typeName="BT7_ProductRevision"
       propertyName="bt7_cp_ItemName_2" value="true"/>
   <TcPropertyConstantAttach constantName="Enabled" typeName="BT7_ProductRevision"
       propertyName="bt7_cp_object_name_Item" value="true"/>
   <TcPropertyConstantAttach constantName="Enabled" typeName="BT7_SoftwareRevision"
       propertyName="bt7_cp_ItemDesc_2" value="true"/>
   <TcPropertyConstantAttach constantName="Enabled" typeName="BT7_SoftwareRevision"
       propertyName="bt7_cp_ItemName_2" value="true"/>
   <TcPropertyConstantAttach constantName="Enabled" typeName="BT7_ToolPartRevision"
       propertyName="bt7_cp_AlternateUOM" value="true"/>
   <TcPropertyConstantAttach constantName="Enabled" typeName="BT7_ToolPartRevision"
       propertyName="bt7_cp_EqPartNo" value="true"/>
   <TcPropertyConstantAttach constantName="Enabled" typeName="BT7_ToolPartRevision"
       propertyName="bt7_cp_item_id_Material" value="true"/>
   <TcPropertyConstantAttach constantName="Enabled" typeName="BT7_ToolPartRevision"
       propertyName="bt7_cp_item_id_Material_2" value="true"/>
   <TcPropertyConstantAttach constantName="Enabled" typeName="BT7_ToolPartRevision"
       propertyName="bt7_cp_item_rev_id_Mat_2" value="true"/>
   <TcPropertyConstantAttach constantName="Enabled" typeName="BT7_ToolPartRevision"
       propertyName="bt7_cp_item_rev_id_Material" value="true"/>
   <TcPropertyConstantAttach constantName="Enabled" typeName="BT7_ToolPartRevision"
       propertyName="bt7_cp_ItemDesc_2" value="true"/>
   <TcPropertyConstantAttach constantName="Enabled" typeName="BT7_ToolPartRevision"
       propertyName="bt7_cp_ItemName_2" value="true"/>
   <TcPropertyConstantAttach constantName="Enabled" typeName="BT7_ToolPartRevision"
       propertyName="bt7_cp_MaterialAbbrev" value="true"/>
   <TcPropertyConstantAttach constantName="Enabled" typeName="BT7_ToolPartRevision"
       propertyName="bt7_cp_MaterialAbbrev_2" value="true"/>
   <TcPropertyConstantAttach constantName="Enabled" typeName="BT7_ToolPartRevision"
       propertyName="bt7_cp_MaterialColour" value="true"/>
   <TcPropertyConstantAttach constantName="Enabled" typeName="BT7_ToolPartRevision"
       propertyName="bt7_cp_MaterialColour_2" value="true"/>
   <TcPropertyConstantAttach constantName="Enabled" typeName="BT7_ToolPartRevision"
       propertyName="bt7_cp_MaterialDensity" value="true"/>
   <TcPropertyConstantAttach constantName="Enabled" typeName="BT7_ToolPartRevision"
       propertyName="bt7_cp_MaterialDensity_2" value="true"/>
   <TcPropertyConstantAttach constantName="Enabled" typeName="BT7_ToolPartRevision"
       propertyName="bt7_cp_MaterialNumber" value="true"/>
   <TcPropertyConstantAttach constantName="Enabled" typeName="BT7_ToolPartRevision"
       propertyName="bt7_cp_MaterialNumber_2" value="true"/>
   <TcPropertyConstantAttach constantName="Enabled" typeName="BT7_ToolPartRevision"
       propertyName="bt7_cp_MaterialStandard" value="true"/>
   <TcPropertyConstantAttach constantName="Enabled" typeName="BT7_ToolPartRevision"
       propertyName="bt7_cp_MaterialStandard_2" value="true"/>
   <TcPropertyConstantAttach constantName="Enabled" typeName="BT7_ToolPartRevision"
       propertyName="bt7_cp_object_name_Item" value="true"/>
   <TcPropertyConstantAttach constantName="Enabled" typeName="BT7_ToolPartRevision"
       propertyName="bt7_cp_object_name_Mat_2" value="true"/>
   <TcPropertyConstantAttach constantName="Enabled" typeName="BT7_ToolPartRevision"
       propertyName="bt7_cp_object_name_Material" value="true"/>
   <TcPropertyConstantAttach constantName="Enabled" typeName="BT7_ToolPartRevision"
       propertyName="bt7_cp_ShortText" value="true"/>
   <TcPropertyConstantAttach constantName="Enabled" typeName="BT7_ToolPartRevision"
       propertyName="bt7_cp_TCEnt_Doc_Class" value="true"/>
   <TcPropertyConstantAttach constantName="Enabled" typeName="BT7_ToolRevision" propertyName="bt7_cp_AlternateUOM"
       value="true"/>
   <TcPropertyConstantAttach constantName="Enabled" typeName="BT7_ToolRevision" propertyName="bt7_cp_EqPartNo"
       value="true"/>
   <TcPropertyConstantAttach constantName="Enabled" typeName="BT7_ToolRevision" propertyName="bt7_cp_object_name_Item"
       value="true"/>
   <TcPropertyConstantAttach constantName="Enabled" typeName="BT7_ToolRevision" propertyName="bt7_cp_TCEnt_Doc_Class"
       value="true"/>
   <TcPropertyConstantAttach constantName="Enabled" typeName="Part Revision" propertyName="bt7_cp_StockItem"
       value="true"/>
   <TcPropertyConstantAttach constantName="Enabled" typeName="UGPART" propertyName="bt7_cp_GeneralTol_CmnComp"
       value="true"/>
   <TcPropertyConstantAttach constantName="Enabled" typeName="UGPART" propertyName="bt7_cp_GeneralTol_Component"
       value="true"/>
   <TcPropertyConstantAttach constantName="Enabled" typeName="UGPART" propertyName="bt7_cp_GeneralTol_ToolPart"
       value="true"/>
   <TcPropertyConstantAttach constantName="Modifiable" typeName="BT7_ComponentRevision"
       propertyName="bt7_cp_AlternateUOM" value="Write"/>
   <TcPropertyConstantAttach constantName="Modifiable" typeName="BT7_ComponentRevision"
       propertyName="bt7_cp_EqPartNo" value="Write"/>
   <TcPropertyConstantAttach constantName="Modifiable" typeName="BT7_ComponentRevision"
       propertyName="bt7_cp_item_id_Material" value="Write"/>
   <TcPropertyConstantAttach constantName="Modifiable" typeName="BT7_ComponentRevision"
       propertyName="bt7_cp_item_id_Material_2" value="Write"/>
   <TcPropertyConstantAttach constantName="Modifiable" typeName="BT7_ComponentRevision"
       propertyName="bt7_cp_item_rev_id_Mat_2" value="Write"/>
   <TcPropertyConstantAttach constantName="Modifiable" typeName="BT7_ComponentRevision"
       propertyName="bt7_cp_item_rev_id_Material" value="Write"/>
   <TcPropertyConstantAttach constantName="Modifiable" typeName="BT7_ComponentRevision"
       propertyName="bt7_cp_ItemDesc_2" value="Write"/>
   <TcPropertyConstantAttach constantName="Modifiable" typeName="BT7_ComponentRevision"
       propertyName="bt7_cp_ItemName_2" value="Write"/>
   <TcPropertyConstantAttach constantName="Modifiable" typeName="BT7_ComponentRevision"
       propertyName="bt7_cp_MaterialAbbrev" value="Write"/>
   <TcPropertyConstantAttach constantName="Modifiable" typeName="BT7_ComponentRevision"
       propertyName="bt7_cp_MaterialAbbrev_2" value="Write"/>
   <TcPropertyConstantAttach constantName="Modifiable" typeName="BT7_ComponentRevision"
       propertyName="bt7_cp_MaterialColour" value="Write"/>
   <TcPropertyConstantAttach constantName="Modifiable" typeName="BT7_ComponentRevision"
       propertyName="bt7_cp_MaterialColour_2" value="Write"/>
   <TcPropertyConstantAttach constantName="Modifiable" typeName="BT7_ComponentRevision"
       propertyName="bt7_cp_MaterialDensity" value="Write"/>
   <TcPropertyConstantAttach constantName="Modifiable" typeName="BT7_ComponentRevision"
       propertyName="bt7_cp_MaterialDensity_2" value="Write"/>
   <TcPropertyConstantAttach constantName="Modifiable" typeName="BT7_ComponentRevision"
       propertyName="bt7_cp_MaterialNumber" value="Write"/>
   <TcPropertyConstantAttach constantName="Modifiable" typeName="BT7_ComponentRevision"
       propertyName="bt7_cp_MaterialNumber_2" value="Write"/>
   <TcPropertyConstantAttach constantName="Modifiable" typeName="BT7_ComponentRevision"
       propertyName="bt7_cp_MaterialStandard" value="Write"/>
   <TcPropertyConstantAttach constantName="Modifiable" typeName="BT7_ComponentRevision"
       propertyName="bt7_cp_MaterialStandard_2" value="Write"/>
   <TcPropertyConstantAttach constantName="Modifiable" typeName="BT7_ComponentRevision"
       propertyName="bt7_cp_object_name_Item" value="Write"/>
   <TcPropertyConstantAttach constantName="Modifiable" typeName="BT7_ComponentRevision"
       propertyName="bt7_cp_object_name_Mat_2" value="Write"/>
   <TcPropertyConstantAttach constantName="Modifiable" typeName="BT7_ComponentRevision"
       propertyName="bt7_cp_object_name_Material" value="Write"/>
   <TcPropertyConstantAttach constantName="Modifiable" typeName="BT7_ComponentRevision"
       propertyName="bt7_cp_ShortText" value="Write"/>
   <TcPropertyConstantAttach constantName="Modifiable" typeName="BT7_ComponentRevision"
       propertyName="bt7_cp_TCEnt_Doc_Class" value="Write"/>
   <TcPropertyConstantAttach constantName="Modifiable" typeName="BT7_DocumentRevision"
       propertyName="bt7_cp_DocType_2" value="Write"/>
   <TcPropertyConstantAttach constantName="Modifiable" typeName="BT7_DocumentRevision"
       propertyName="bt7_cp_DocumentType" value="Write"/>
   <TcPropertyConstantAttach constantName="Modifiable" typeName="BT7_DocumentRevision"
       propertyName="bt7_cp_EqPartNo" value="Write"/>
   <TcPropertyConstantAttach constantName="Modifiable" typeName="BT7_DocumentRevision"
       propertyName="bt7_cp_ItemDesc_2" value="Write"/>
   <TcPropertyConstantAttach constantName="Modifiable" typeName="BT7_DocumentRevision"
       propertyName="bt7_cp_ItemName_2" value="Write"/>
   <TcPropertyConstantAttach constantName="Modifiable" typeName="BT7_DocumentRevision"
       propertyName="bt7_cp_object_name_Item" value="Write"/>
   <TcPropertyConstantAttach constantName="Modifiable" typeName="BT7_DocumentRevision"
       propertyName="bt7_cp_TCEnt_Doc_Class" value="Write"/>
   <TcPropertyConstantAttach constantName="Modifiable" typeName="BT7_Material" propertyName="bt7_cp_MaterialAbbrev"
       value="Write"/>
   <TcPropertyConstantAttach constantName="Modifiable" typeName="BT7_Material" propertyName="bt7_cp_MaterialColour"
       value="Write"/>
   <TcPropertyConstantAttach constantName="Modifiable" typeName="BT7_Material" propertyName="bt7_cp_MaterialDensity"
       value="Write"/>
   <TcPropertyConstantAttach constantName="Modifiable" typeName="BT7_Material" propertyName="bt7_cp_MaterialNumber"
       value="Write"/>
   <TcPropertyConstantAttach constantName="Modifiable" typeName="BT7_Material" propertyName="bt7_cp_MaterialStandard"
       value="Write"/>
   <TcPropertyConstantAttach constantName="Modifiable" typeName="BT7_MaterialRevision"
       propertyName="bt7_cp_canceled" value="Write"/>
   <TcPropertyConstantAttach constantName="Modifiable" typeName="BT7_MaterialRevision"
       propertyName="bt7_cp_cancelnr" value="Write"/>
   <TcPropertyConstantAttach constantName="Modifiable" typeName="BT7_MaterialRevision"
       propertyName="bt7_cp_object_name_Item" value="Write"/>
   <TcPropertyConstantAttach constantName="Modifiable" typeName="BT7_ProductRevision"
       propertyName="bt7_cp_AlternateUOM" value="Write"/>
   <TcPropertyConstantAttach constantName="Modifiable" typeName="BT7_ProductRevision"
       propertyName="bt7_cp_articletype" value="Write"/>
   <TcPropertyConstantAttach constantName="Modifiable" typeName="BT7_ProductRevision"
       propertyName="bt7_cp_ItemDesc_2" value="Write"/>
   <TcPropertyConstantAttach constantName="Modifiable" typeName="BT7_ProductRevision"
       propertyName="bt7_cp_ItemName_2" value="Write"/>
   <TcPropertyConstantAttach constantName="Modifiable" typeName="BT7_ProductRevision"
       propertyName="bt7_cp_object_name_Item" value="Write"/>
   <TcPropertyConstantAttach constantName="Modifiable" typeName="BT7_SoftwareRevision"
       propertyName="bt7_cp_ItemDesc_2" value="Write"/>
   <TcPropertyConstantAttach constantName="Modifiable" typeName="BT7_SoftwareRevision"
       propertyName="bt7_cp_ItemName_2" value="Write"/>
   <TcPropertyConstantAttach constantName="Modifiable" typeName="BT7_ToolPartRevision"
       propertyName="bt7_cp_AlternateUOM" value="Write"/>
   <TcPropertyConstantAttach constantName="Modifiable" typeName="BT7_ToolPartRevision"
       propertyName="bt7_cp_EqPartNo" value="Write"/>
   <TcPropertyConstantAttach constantName="Modifiable" typeName="BT7_ToolPartRevision"
       propertyName="bt7_cp_item_id_Material" value="Write"/>
   <TcPropertyConstantAttach constantName="Modifiable" typeName="BT7_ToolPartRevision"
       propertyName="bt7_cp_item_id_Material_2" value="Write"/>
   <TcPropertyConstantAttach constantName="Modifiable" typeName="BT7_ToolPartRevision"
       propertyName="bt7_cp_item_rev_id_Mat_2" value="Write"/>
   <TcPropertyConstantAttach constantName="Modifiable" typeName="BT7_ToolPartRevision"
       propertyName="bt7_cp_item_rev_id_Material" value="Write"/>
   <TcPropertyConstantAttach constantName="Modifiable" typeName="BT7_ToolPartRevision"
       propertyName="bt7_cp_ItemDesc_2" value="Write"/>
   <TcPropertyConstantAttach constantName="Modifiable" typeName="BT7_ToolPartRevision"
       propertyName="bt7_cp_ItemName_2" value="Write"/>
   <TcPropertyConstantAttach constantName="Modifiable" typeName="BT7_ToolPartRevision"
       propertyName="bt7_cp_MaterialAbbrev" value="Write"/>
   <TcPropertyConstantAttach constantName="Modifiable" typeName="BT7_ToolPartRevision"
       propertyName="bt7_cp_MaterialAbbrev_2" value="Write"/>
   <TcPropertyConstantAttach constantName="Modifiable" typeName="BT7_ToolPartRevision"
       propertyName="bt7_cp_MaterialColour" value="Write"/>
   <TcPropertyConstantAttach constantName="Modifiable" typeName="BT7_ToolPartRevision"
       propertyName="bt7_cp_MaterialColour_2" value="Write"/>
   <TcPropertyConstantAttach constantName="Modifiable" typeName="BT7_ToolPartRevision"
       propertyName="bt7_cp_MaterialDensity" value="Write"/>
   <TcPropertyConstantAttach constantName="Modifiable" typeName="BT7_ToolPartRevision"
       propertyName="bt7_cp_MaterialDensity_2" value="Write"/>
   <TcPropertyConstantAttach constantName="Modifiable" typeName="BT7_ToolPartRevision"
       propertyName="bt7_cp_MaterialNumber" value="Write"/>
   <TcPropertyConstantAttach constantName="Modifiable" typeName="BT7_ToolPartRevision"
       propertyName="bt7_cp_MaterialNumber_2" value="Write"/>
   <TcPropertyConstantAttach constantName="Modifiable" typeName="BT7_ToolPartRevision"
       propertyName="bt7_cp_MaterialStandard" value="Write"/>
   <TcPropertyConstantAttach constantName="Modifiable" typeName="BT7_ToolPartRevision"
       propertyName="bt7_cp_MaterialStandard_2" value="Write"/>
   <TcPropertyConstantAttach constantName="Modifiable" typeName="BT7_ToolPartRevision"
       propertyName="bt7_cp_object_name_Item" value="Write"/>
   <TcPropertyConstantAttach constantName="Modifiable" typeName="BT7_ToolPartRevision"
       propertyName="bt7_cp_object_name_Mat_2" value="Write"/>
   <TcPropertyConstantAttach constantName="Modifiable" typeName="BT7_ToolPartRevision"
       propertyName="bt7_cp_object_name_Material" value="Write"/>
   <TcPropertyConstantAttach constantName="Modifiable" typeName="BT7_ToolPartRevision"
       propertyName="bt7_cp_ShortText" value="Write"/>
   <TcPropertyConstantAttach constantName="Modifiable" typeName="BT7_ToolPartRevision"
       propertyName="bt7_cp_TCEnt_Doc_Class" value="Write"/>
   <TcPropertyConstantAttach constantName="Modifiable" typeName="BT7_ToolRevision"
       propertyName="bt7_cp_AlternateUOM" value="Write"/>
   <TcPropertyConstantAttach constantName="Modifiable" typeName="BT7_ToolRevision"
       propertyName="bt7_cp_EqPartNo" value="Write"/>
   <TcPropertyConstantAttach constantName="Modifiable" typeName="BT7_ToolRevision"
       propertyName="bt7_cp_object_name_Item" value="Write"/>
   <TcPropertyConstantAttach constantName="Modifiable" typeName="BT7_ToolRevision"
       propertyName="bt7_cp_TCEnt_Doc_Class" value="Write"/>
   <TcPropertyConstantAttach constantName="Modifiable" typeName="Part Revision" propertyName="bt7_cp_StockItem"
       value="Write"/>
   <TcPropertyConstantAttach constantName="Modifiable" typeName="UGPART" propertyName="bt7_cp_GeneralTol_CmnComp"
       value="Write"/>
   <TcPropertyConstantAttach constantName="Modifiable" typeName="UGPART" propertyName="bt7_cp_GeneralTol_Component"
       value="Write"/>
   <TcPropertyConstantAttach constantName="Modifiable" typeName="UGPART" propertyName="bt7_cp_GeneralTol_ToolPart"
       value="Write"/>
   <TcCompoundPropertyRule destTypeName="BT7_ComponentRevision" destPropertyName="bt7_cp_AlternateUOM"
       sourceTypeName="BT7_Component" sourcePropertyName="bt7_AlternateUnitOfMeasure"
       isReadOnly="false" pathToSource="REF(items_tag,BT7_Component).bt7_AlternateUnitOfMeasure"
       description="bt7_cp_AlternateUOM"/>
   <TcCompoundPropertyRule destTypeName="BT7_ComponentRevision" destPropertyName="bt7_cp_EqPartNo"
       sourceTypeName="BT7_Component" sourcePropertyName="bt7_EqPartNo" isReadOnly="false"
       pathToSource="REF(items_tag,BT7_Component).bt7_EqPartNo" description="Compound property of bt7_EqPartNo"/>
   <TcCompoundPropertyRule destTypeName="BT7_ComponentRevision" destPropertyName="bt7_cp_item_id_Material"
       sourceTypeName="BT7_MaterialRevision" sourcePropertyName="item_id" isReadOnly="false"
       pathToSource="GRM(BT7_Rel_AuxMat_Primary,BT7_MaterialRevision).item_id" description="ID(Primary)"/>
   <TcCompoundPropertyRule destTypeName="BT7_ComponentRevision" destPropertyName="bt7_cp_item_id_Material_2"
       sourceTypeName="BT7_MaterialRevision" sourcePropertyName="item_id" isReadOnly="false"
       pathToSource="GRM(BT7_Rel_AuxMat_Secondary,BT7_MaterialRevision).item_id" description=""/>
   <TcCompoundPropertyRule destTypeName="BT7_ComponentRevision" destPropertyName="bt7_cp_item_rev_id_Mat_2"
       sourceTypeName="BT7_MaterialRevision" sourcePropertyName="item_revision_id"
       isReadOnly="false" pathToSource="GRM(BT7_Rel_AuxMat_Secondary,BT7_MaterialRevision).item_revision_id"
       description="Revision ID(Secondary)"/>
   <TcCompoundPropertyRule destTypeName="BT7_ComponentRevision" destPropertyName="bt7_cp_item_rev_id_Material"
       sourceTypeName="BT7_MaterialRevision" sourcePropertyName="item_revision_id"
       isReadOnly="false" pathToSource="GRM(BT7_Rel_AuxMat_Primary,BT7_MaterialRevision).item_revision_id"
       description=""/>
   <TcCompoundPropertyRule destTypeName="BT7_ComponentRevision" destPropertyName="bt7_cp_ItemDesc_2"
       sourceTypeName="BT7_Component" sourcePropertyName="bt7_ItemDesc_2" isReadOnly="false"
       pathToSource="REF(items_tag,BT7_Component).bt7_ItemDesc_2" description=""/>
   <TcCompoundPropertyRule destTypeName="BT7_ComponentRevision" destPropertyName="bt7_cp_ItemName_2"
       sourceTypeName="BT7_Component" sourcePropertyName="bt7_ItemName_2" isReadOnly="false"
       pathToSource="REF(items_tag,BT7_Component).bt7_ItemName_2" description=""/>
   <TcCompoundPropertyRule destTypeName="BT7_ComponentRevision" destPropertyName="bt7_cp_MaterialAbbrev"
       sourceTypeName="BT7_MaterialRevision" sourcePropertyName="bt7_MaterialAbbrev"
       isReadOnly="false" pathToSource="GRM(BT7_Rel_AuxMat_Primary,BT7_MaterialRevision).bt7_MaterialAbbrev"
       description=""/>
   <TcCompoundPropertyRule destTypeName="BT7_ComponentRevision" destPropertyName="bt7_cp_MaterialAbbrev_2"
       sourceTypeName="BT7_MaterialRevision" sourcePropertyName="bt7_MaterialAbbrev"
       isReadOnly="false" pathToSource="GRM(BT7_Rel_AuxMat_Secondary,BT7_MaterialRevision).bt7_MaterialAbbrev"
       description=""/>
   <TcCompoundPropertyRule destTypeName="BT7_ComponentRevision" destPropertyName="bt7_cp_MaterialColour"
       sourceTypeName="BT7_MaterialRevision" sourcePropertyName="bt7_MaterialColour"
       isReadOnly="false" pathToSource="GRM(BT7_Rel_AuxMat_Primary,BT7_MaterialRevision).bt7_MaterialColour"
       description=""/>
   <TcCompoundPropertyRule destTypeName="BT7_ComponentRevision" destPropertyName="bt7_cp_MaterialColour_2"
       sourceTypeName="BT7_MaterialRevision" sourcePropertyName="bt7_MaterialColour"
       isReadOnly="false" pathToSource="GRM(BT7_Rel_AuxMat_Secondary,BT7_MaterialRevision).bt7_MaterialColour"
       description=""/>
   <TcCompoundPropertyRule destTypeName="BT7_ComponentRevision" destPropertyName="bt7_cp_MaterialDensity"
       sourceTypeName="BT7_MaterialRevision" sourcePropertyName="bt7_MaterialDensity"
       isReadOnly="false" pathToSource="GRM(BT7_Rel_AuxMat_Primary,BT7_MaterialRevision).bt7_MaterialDensity"
       description=""/>
   <TcCompoundPropertyRule destTypeName="BT7_ComponentRevision" destPropertyName="bt7_cp_MaterialDensity_2"
       sourceTypeName="BT7_MaterialRevision" sourcePropertyName="bt7_MaterialDensity"
       isReadOnly="false" pathToSource="GRM(BT7_Rel_AuxMat_Secondary,BT7_MaterialRevision).bt7_MaterialDensity"
       description=""/>
   <TcCompoundPropertyRule destTypeName="BT7_ComponentRevision" destPropertyName="bt7_cp_MaterialNumber"
       sourceTypeName="BT7_MaterialRevision" sourcePropertyName="bt7_MaterialNumber"
       isReadOnly="false" pathToSource="GRM(BT7_Rel_AuxMat_Primary,BT7_MaterialRevision).bt7_MaterialNumber"
       description=""/>
   <TcCompoundPropertyRule destTypeName="BT7_ComponentRevision" destPropertyName="bt7_cp_MaterialNumber_2"
       sourceTypeName="BT7_MaterialRevision" sourcePropertyName="bt7_MaterialNumber"
       isReadOnly="false" pathToSource="GRM(BT7_Rel_AuxMat_Secondary,BT7_MaterialRevision).bt7_MaterialNumber"
       description=""/>
   <TcCompoundPropertyRule destTypeName="BT7_ComponentRevision" destPropertyName="bt7_cp_MaterialStandard"
       sourceTypeName="BT7_MaterialRevision" sourcePropertyName="bt7_MaterialStandard"
       isReadOnly="false" pathToSource="GRM(BT7_Rel_AuxMat_Primary,BT7_MaterialRevision).bt7_MaterialStandard"
       description=""/>
   <TcCompoundPropertyRule destTypeName="BT7_ComponentRevision" destPropertyName="bt7_cp_MaterialStandard_2"
       sourceTypeName="BT7_MaterialRevision" sourcePropertyName="bt7_MaterialStandard"
       isReadOnly="false" pathToSource="GRM(BT7_Rel_AuxMat_Secondary,BT7_MaterialRevision).bt7_MaterialStandard"
       description=""/>
   <TcCompoundPropertyRule destTypeName="BT7_ComponentRevision" destPropertyName="bt7_cp_object_name_Item"
       sourceTypeName="BT7_Component" sourcePropertyName="object_name" isReadOnly="false"
       pathToSource="REF(item_revision,BT7_Component).object_name" description=""/>
   <TcCompoundPropertyRule destTypeName="BT7_ComponentRevision" destPropertyName="bt7_cp_object_name_Mat_2"
       sourceTypeName="BT7_Component" sourcePropertyName="object_name" isReadOnly="false"
       pathToSource="GRM(BT7_Rel_AuxMat_Secondary,BT7_Component).object_name" description=""/>
   <TcCompoundPropertyRule destTypeName="BT7_ComponentRevision" destPropertyName="bt7_cp_object_name_Material"
       sourceTypeName="BT7_MaterialRevision" sourcePropertyName="object_name" isReadOnly="false"
       pathToSource="GRM(BT7_Rel_AuxMat_Primary,BT7_MaterialRevision).object_name"
       description=""/>
   <TcCompoundPropertyRule destTypeName="BT7_ComponentRevision" destPropertyName="bt7_cp_ShortText"
       sourceTypeName="BT7_Component" sourcePropertyName="bt7_ShortText" isReadOnly="false"
       pathToSource="REF(items_tag,BT7_Component).bt7_ShortText" description="bt7_cp_ShortText"/>
   <TcCompoundPropertyRule destTypeName="BT7_ComponentRevision" destPropertyName="bt7_cp_TCEnt_Doc_Class"
       sourceTypeName="BT7_Component" sourcePropertyName="bt7_TCEnt_Doc_Class" isReadOnly="false"
       pathToSource="REF(items_tag,BT7_Component).bt7_TCEnt_Doc_Class" description=""/>
   <TcCompoundPropertyRule destTypeName="BT7_DocumentRevision" destPropertyName="bt7_cp_DocType_2"
       sourceTypeName="BT7_Document" sourcePropertyName="bt7_DocType_2" isReadOnly="false"
       pathToSource="REF(items_tag,BT7_Document).bt7_DocType_2" description="Document Type DE"/>
   <TcCompoundPropertyRule destTypeName="BT7_DocumentRevision" destPropertyName="bt7_cp_DocumentType"
       sourceTypeName="BT7_Document" sourcePropertyName="bt7_DocumentType" isReadOnly="false"
       pathToSource="REF(items_tag,BT7_Document).bt7_DocumentType" description=""/>
   <TcCompoundPropertyRule destTypeName="BT7_DocumentRevision" destPropertyName="bt7_cp_EqPartNo"
       sourceTypeName="BT7_Document" sourcePropertyName="bt7_EqPartNo" isReadOnly="false"
       pathToSource="REF(items_tag,BT7_Document).bt7_EqPartNo" description="Alternate Number"/>
   <TcCompoundPropertyRule destTypeName="BT7_DocumentRevision" destPropertyName="bt7_cp_ItemDesc_2"
       sourceTypeName="BT7_Document" sourcePropertyName="bt7_ItemDesc_2" isReadOnly="false"
       pathToSource="REF(items_tag,BT7_Document).bt7_ItemDesc_2" description="Compound property of attribute bt7_ItemDesc_2, exists at BT7_Document"/>
   <TcCompoundPropertyRule destTypeName="BT7_DocumentRevision" destPropertyName="bt7_cp_ItemName_2"
       sourceTypeName="BT7_Document" sourcePropertyName="bt7_ItemName_2" isReadOnly="false"
       pathToSource="REF(items_tag,BT7_Document).bt7_ItemName_2" description="Compound property of attribute bt7_ItemName_2 exists at BT7_Document"/>
   <TcCompoundPropertyRule destTypeName="BT7_DocumentRevision" destPropertyName="bt7_cp_object_name_Item"
       sourceTypeName="BT7_Document" sourcePropertyName="object_name" isReadOnly="false"
       pathToSource="REF(item_revision,BT7_Document).object_name" description=""/>
   <TcCompoundPropertyRule destTypeName="BT7_DocumentRevision" destPropertyName="bt7_cp_TCEnt_Doc_Class"
       sourceTypeName="BT7_Document" sourcePropertyName="bt7_TCEnt_Doc_Class" isReadOnly="false"
       pathToSource="REF(items_tag,BT7_Document).bt7_TCEnt_Doc_Class" description=""/>
   <TcCompoundPropertyRule destTypeName="BT7_Material" destPropertyName="bt7_cp_MaterialAbbrev"
       sourceTypeName="BT7_MaterialRevision" sourcePropertyName="bt7_MaterialAbbrev"
       isReadOnly="false" pathToSource="REF(revision_list,BT7_MaterialRevision).bt7_MaterialAbbrev"
       description=""/>
   <TcCompoundPropertyRule destTypeName="BT7_Material" destPropertyName="bt7_cp_MaterialColour"
       sourceTypeName="BT7_MaterialRevision" sourcePropertyName="bt7_MaterialColour"
       isReadOnly="false" pathToSource="REF(revision_list,BT7_MaterialRevision).bt7_MaterialColour"
       description=""/>
   <TcCompoundPropertyRule destTypeName="BT7_Material" destPropertyName="bt7_cp_MaterialDensity"
       sourceTypeName="BT7_MaterialRevision" sourcePropertyName="bt7_MaterialDensity"
       isReadOnly="false" pathToSource="REF(revision_list,BT7_MaterialRevision).bt7_MaterialDensity"
       description=""/>
   <TcCompoundPropertyRule destTypeName="BT7_Material" destPropertyName="bt7_cp_MaterialNumber"
       sourceTypeName="BT7_MaterialRevision" sourcePropertyName="bt7_MaterialNumber"
       isReadOnly="false" pathToSource="REF(revision_list,BT7_MaterialRevision).bt7_MaterialNumber"
       description=""/>
   <TcCompoundPropertyRule destTypeName="BT7_Material" destPropertyName="bt7_cp_MaterialStandard"
       sourceTypeName="BT7_MaterialRevision" sourcePropertyName="bt7_MaterialStandard"
       isReadOnly="false" pathToSource="REF(revision_list,BT7_MaterialRevision).bt7_MaterialStandard"
       description=""/>
   <TcCompoundPropertyRule destTypeName="BT7_MaterialRevision" destPropertyName="bt7_cp_canceled"
       sourceTypeName="BT7_Material" sourcePropertyName="bt7_canceled" isReadOnly="false"
       pathToSource="REF(items_tag,BT7_Material).bt7_canceled" description="bt7_cp_canceled"/>
   <TcCompoundPropertyRule destTypeName="BT7_MaterialRevision" destPropertyName="bt7_cp_cancelnr"
       sourceTypeName="BT7_Material" sourcePropertyName="bt7_cancelnr" isReadOnly="false"
       pathToSource="REF(items_tag,BT7_Material).bt7_cancelnr" description="bt7_cp_cancelnr"/>
   <TcCompoundPropertyRule destTypeName="BT7_MaterialRevision" destPropertyName="bt7_cp_object_name_Item"
       sourceTypeName="BT7_Material" sourcePropertyName="object_name" isReadOnly="false"
       pathToSource="REF(item_revision,BT7_Material).object_name" description=""/>
   <TcCompoundPropertyRule destTypeName="BT7_ProductRevision" destPropertyName="bt7_cp_AlternateUOM"
       sourceTypeName="BT7_Product" sourcePropertyName="bt7_AlternateUnitOfMeasure"
       isReadOnly="false" pathToSource="REF(items_tag,BT7_Product).bt7_AlternateUnitOfMeasure"
       description=""/>
   <TcCompoundPropertyRule destTypeName="BT7_ProductRevision" destPropertyName="bt7_cp_articletype"
       sourceTypeName="BT7_Product" sourcePropertyName="bt7_articletype" isReadOnly="false"
       pathToSource="REF(items_tag,BT7_Product).bt7_articletype" description=""/>
   <TcCompoundPropertyRule destTypeName="BT7_ProductRevision" destPropertyName="bt7_cp_ItemDesc_2"
       sourceTypeName="BT7_Product" sourcePropertyName="bt7_ItemDesc_2" isReadOnly="false"
       pathToSource="REF(items_tag,BT7_Product).bt7_ItemDesc_2" description="Item Description DE"/>
   <TcCompoundPropertyRule destTypeName="BT7_ProductRevision" destPropertyName="bt7_cp_ItemName_2"
       sourceTypeName="BT7_Product" sourcePropertyName="bt7_ItemName_2" isReadOnly="false"
       pathToSource="REF(items_tag,BT7_Product).bt7_ItemName_2" description="Item Name DE"/>
   <TcCompoundPropertyRule destTypeName="BT7_ProductRevision" destPropertyName="bt7_cp_object_name_Item"
       sourceTypeName="BT7_Product" sourcePropertyName="object_name" isReadOnly="false"
       pathToSource="REF(item_revision,BT7_Product).object_name" description=""/>
   <TcCompoundPropertyRule destTypeName="BT7_SoftwareRevision" destPropertyName="bt7_cp_ItemDesc_2"
       sourceTypeName="BT7_Software" sourcePropertyName="bt7_ItemDesc_2" isReadOnly="false"
       pathToSource="REF(items_tag,BT7_Software).bt7_ItemDesc_2" description="Item Description DE"/>
   <TcCompoundPropertyRule destTypeName="BT7_SoftwareRevision" destPropertyName="bt7_cp_ItemName_2"
       sourceTypeName="BT7_Software" sourcePropertyName="bt7_ItemName_2" isReadOnly="false"
       pathToSource="REF(items_tag,BT7_Software).bt7_ItemName_2" description="Item Name DE"/>
   <TcCompoundPropertyRule destTypeName="BT7_ToolPartRevision" destPropertyName="bt7_cp_AlternateUOM"
       sourceTypeName="BT7_ToolPart" sourcePropertyName="bt7_AlternateUnitOfMeasure"
       isReadOnly="false" pathToSource="REF(items_tag,BT7_ToolPart).bt7_AlternateUnitOfMeasure"
       description=""/>
   <TcCompoundPropertyRule destTypeName="BT7_ToolPartRevision" destPropertyName="bt7_cp_EqPartNo"
       sourceTypeName="BT7_ToolPart" sourcePropertyName="bt7_EqPartNo" isReadOnly="false"
       pathToSource="REF(items_tag,BT7_ToolPart).bt7_EqPartNo" description="Equiv. Part-No"/>
   <TcCompoundPropertyRule destTypeName="BT7_ToolPartRevision" destPropertyName="bt7_cp_item_id_Material"
       sourceTypeName="BT7_MaterialRevision" sourcePropertyName="item_id" isReadOnly="false"
       pathToSource="GRM(BT7_Rel_AuxMat_Primary,BT7_MaterialRevision).item_id" description=""/>
   <TcCompoundPropertyRule destTypeName="BT7_ToolPartRevision" destPropertyName="bt7_cp_item_id_Material_2"
       sourceTypeName="BT7_MaterialRevision" sourcePropertyName="item_id" isReadOnly="false"
       pathToSource="GRM(BT7_Rel_AuxMat_Secondary,BT7_MaterialRevision).item_id" description=""/>
   <TcCompoundPropertyRule destTypeName="BT7_ToolPartRevision" destPropertyName="bt7_cp_item_rev_id_Mat_2"
       sourceTypeName="BT7_MaterialRevision" sourcePropertyName="item_revision_id"
       isReadOnly="false" pathToSource="GRM(BT7_Rel_AuxMat_Secondary,BT7_MaterialRevision).item_revision_id"
       description="Revision ID"/>
   <TcCompoundPropertyRule destTypeName="BT7_ToolPartRevision" destPropertyName="bt7_cp_item_rev_id_Material"
       sourceTypeName="BT7_MaterialRevision" sourcePropertyName="item_revision_id"
       isReadOnly="false" pathToSource="GRM(BT7_Rel_AuxMat_Primary,BT7_MaterialRevision).item_revision_id"
       description="Revision ID"/>
   <TcCompoundPropertyRule destTypeName="BT7_ToolPartRevision" destPropertyName="bt7_cp_ItemDesc_2"
       sourceTypeName="BT7_ToolPart" sourcePropertyName="bt7_ItemDesc_2" isReadOnly="false"
       pathToSource="REF(items_tag,BT7_ToolPart).bt7_ItemDesc_2" description=""/>
   <TcCompoundPropertyRule destTypeName="BT7_ToolPartRevision" destPropertyName="bt7_cp_ItemName_2"
       sourceTypeName="BT7_ToolPart" sourcePropertyName="bt7_ItemName_2" isReadOnly="false"
       pathToSource="REF(items_tag,BT7_ToolPart).bt7_ItemName_2" description=""/>
   <TcCompoundPropertyRule destTypeName="BT7_ToolPartRevision" destPropertyName="bt7_cp_MaterialAbbrev"
       sourceTypeName="BT7_MaterialRevision" sourcePropertyName="bt7_MaterialAbbrev"
       isReadOnly="false" pathToSource="GRM(BT7_Rel_AuxMat_Primary,BT7_MaterialRevision).bt7_MaterialAbbrev"
       description=""/>
   <TcCompoundPropertyRule destTypeName="BT7_ToolPartRevision" destPropertyName="bt7_cp_MaterialAbbrev_2"
       sourceTypeName="BT7_MaterialRevision" sourcePropertyName="bt7_MaterialAbbrev"
       isReadOnly="false" pathToSource="GRM(BT7_Rel_AuxMat_Secondary,BT7_MaterialRevision).bt7_MaterialAbbrev"
       description=""/>
   <TcCompoundPropertyRule destTypeName="BT7_ToolPartRevision" destPropertyName="bt7_cp_MaterialColour"
       sourceTypeName="BT7_MaterialRevision" sourcePropertyName="bt7_MaterialColour"
       isReadOnly="false" pathToSource="GRM(BT7_Rel_AuxMat_Primary,BT7_MaterialRevision).bt7_MaterialColour"
       description=""/>
   <TcCompoundPropertyRule destTypeName="BT7_ToolPartRevision" destPropertyName="bt7_cp_MaterialColour_2"
       sourceTypeName="BT7_MaterialRevision" sourcePropertyName="bt7_MaterialColour"
       isReadOnly="false" pathToSource="GRM(BT7_Rel_AuxMat_Secondary,BT7_MaterialRevision).bt7_MaterialColour"
       description=""/>
   <TcCompoundPropertyRule destTypeName="BT7_ToolPartRevision" destPropertyName="bt7_cp_MaterialDensity"
       sourceTypeName="BT7_MaterialRevision" sourcePropertyName="bt7_MaterialDensity"
       isReadOnly="false" pathToSource="GRM(BT7_Rel_AuxMat_Primary,BT7_MaterialRevision).bt7_MaterialDensity"
       description=""/>
   <TcCompoundPropertyRule destTypeName="BT7_ToolPartRevision" destPropertyName="bt7_cp_MaterialDensity_2"
       sourceTypeName="BT7_MaterialRevision" sourcePropertyName="bt7_MaterialDensity"
       isReadOnly="false" pathToSource="GRM(BT7_Rel_AuxMat_Secondary,BT7_MaterialRevision).bt7_MaterialDensity"
       description=""/>
   <TcCompoundPropertyRule destTypeName="BT7_ToolPartRevision" destPropertyName="bt7_cp_MaterialNumber"
       sourceTypeName="BT7_MaterialRevision" sourcePropertyName="bt7_MaterialNumber"
       isReadOnly="false" pathToSource="GRM(BT7_Rel_AuxMat_Primary,BT7_MaterialRevision).bt7_MaterialNumber"
       description=""/>
   <TcCompoundPropertyRule destTypeName="BT7_ToolPartRevision" destPropertyName="bt7_cp_MaterialNumber_2"
       sourceTypeName="BT7_MaterialRevision" sourcePropertyName="bt7_MaterialNumber"
       isReadOnly="false" pathToSource="GRM(BT7_Rel_AuxMat_Secondary,BT7_MaterialRevision).bt7_MaterialNumber"
       description=""/>
   <TcCompoundPropertyRule destTypeName="BT7_ToolPartRevision" destPropertyName="bt7_cp_MaterialStandard"
       sourceTypeName="BT7_MaterialRevision" sourcePropertyName="bt7_MaterialStandard"
       isReadOnly="false" pathToSource="GRM(BT7_Rel_AuxMat_Primary,BT7_MaterialRevision).bt7_MaterialStandard"
       description=""/>
   <TcCompoundPropertyRule destTypeName="BT7_ToolPartRevision" destPropertyName="bt7_cp_MaterialStandard_2"
       sourceTypeName="BT7_MaterialRevision" sourcePropertyName="bt7_MaterialStandard"
       isReadOnly="false" pathToSource="GRM(BT7_Rel_AuxMat_Secondary,BT7_MaterialRevision).bt7_MaterialStandard"
       description=""/>
   <TcCompoundPropertyRule destTypeName="BT7_ToolPartRevision" destPropertyName="bt7_cp_object_name_Item"
       sourceTypeName="BT7_ToolPart" sourcePropertyName="object_name" isReadOnly="false"
       pathToSource="REF(items_tag,BT7_ToolPart).object_name" description=""/>
   <TcCompoundPropertyRule destTypeName="BT7_ToolPartRevision" destPropertyName="bt7_cp_object_name_Mat_2"
       sourceTypeName="BT7_MaterialRevision" sourcePropertyName="object_name" isReadOnly="false"
       pathToSource="GRM(BT7_Rel_AuxMat_Secondary,BT7_MaterialRevision).object_name"
       description=""/>
   <TcCompoundPropertyRule destTypeName="BT7_ToolPartRevision" destPropertyName="bt7_cp_object_name_Material"
       sourceTypeName="BT7_ToolPart" sourcePropertyName="object_name" isReadOnly="false"
       pathToSource="GRM(BT7_Rel_AuxMat_Primary,BT7_ToolPart).object_name" description=""/>
   <TcCompoundPropertyRule destTypeName="BT7_ToolPartRevision" destPropertyName="bt7_cp_ShortText"
       sourceTypeName="BT7_ToolPart" sourcePropertyName="bt7_ShortText" isReadOnly="false"
       pathToSource="REF(items_tag,BT7_ToolPart).bt7_ShortText" description=""/>
   <TcCompoundPropertyRule destTypeName="BT7_ToolPartRevision" destPropertyName="bt7_cp_TCEnt_Doc_Class"
       sourceTypeName="BT7_ToolPart" sourcePropertyName="bt7_TCEnt_Doc_Class" isReadOnly="false"
       pathToSource="REF(items_tag,BT7_ToolPart).bt7_TCEnt_Doc_Class" description=""/>
   <TcCompoundPropertyRule destTypeName="BT7_ToolRevision" destPropertyName="bt7_cp_AlternateUOM"
       sourceTypeName="BT7_Tool" sourcePropertyName="bt7_AlternateUnitOfMeasure" isReadOnly="false"
       pathToSource="REF(items_tag,BT7_Tool).bt7_AlternateUnitOfMeasure" description=""/>
   <TcCompoundPropertyRule destTypeName="BT7_ToolRevision" destPropertyName="bt7_cp_EqPartNo"
       sourceTypeName="BT7_Tool" sourcePropertyName="bt7_EqPartNo" isReadOnly="false"
       pathToSource="REF(items_tag,BT7_Tool).bt7_EqPartNo" description=""/>
   <TcCompoundPropertyRule destTypeName="BT7_ToolRevision" destPropertyName="bt7_cp_object_name_Item"
       sourceTypeName="BT7_Tool" sourcePropertyName="object_name" isReadOnly="false"
       pathToSource="REF(items_tag,BT7_Tool).object_name" description=""/>
   <TcCompoundPropertyRule destTypeName="BT7_ToolRevision" destPropertyName="bt7_cp_TCEnt_Doc_Class"
       sourceTypeName="BT7_Tool" sourcePropertyName="bt7_TCEnt_Doc_Class" isReadOnly="false"
       pathToSource="REF(items_tag,BT7_Tool).bt7_TCEnt_Doc_Class" description=""/>
   <TcCompoundPropertyRule destTypeName="Part Revision" destPropertyName="bt7_cp_StockItem"
       sourceTypeName="Part" sourcePropertyName="bt7_StockItem" isReadOnly="false"
       pathToSource="REF(items_tag,Part).bt7_StockItem" description=""/>
   <TcCompoundPropertyRule destTypeName="UGPART" destPropertyName="bt7_cp_GeneralTol_CmnComp"
       sourceTypeName="BT7_CommonCompRevision" sourcePropertyName="bt7_GeneralTolerance"
       isReadOnly="false" pathToSource="REF(item_revision,BT7_CommonCompRevision).bt7_GeneralTolerance"
       description="Mapping of GeneralTolerance from NX onto TC ItemRev"/>
   <TcCompoundPropertyRule destTypeName="UGPART" destPropertyName="bt7_cp_GeneralTol_Component"
       sourceTypeName="BT7_ComponentRevision" sourcePropertyName="bt7_GeneralTolerance"
       isReadOnly="false" pathToSource="REF(item_revision,BT7_ComponentRevision).bt7_GeneralTolerance"
       description="Mapping of GeneralTolerance from NX onto TC ItemRev"/>
   <TcCompoundPropertyRule destTypeName="UGPART" destPropertyName="bt7_cp_GeneralTol_ToolPart"
       sourceTypeName="BT7_ToolPartRevision" sourcePropertyName="bt7_GeneralTolerance"
       isReadOnly="false" pathToSource="REF(item_revision,BT7_ToolPartRevision).bt7_GeneralTolerance"
       description="Mapping of GeneralTolerance from NX onto TC ItemRev"/>
   <TcTypeDisplayRule hiddenTypeName="BT7_Component" accessorName="Designer in 110_MDesign_C"
       accessorType="RoleInGroup" conditionName="isFalse" description=""/>
   <TcTypeDisplayRule hiddenTypeName="BT7_Component" accessorName="Designer in 110_MDesign_D"
       accessorType="RoleInGroup" conditionName="isFalse" description=""/>
   <TcTypeDisplayRule hiddenTypeName="BT7_Component" accessorName="Designer in Common Component Engineering"
       accessorType="RoleInGroup" conditionName="isFalse" description=""/>
   <TcTypeDisplayRule hiddenTypeName="BT7_Document" accessorName="Change Control Manager in 110_Laboratory_A"
       accessorType="RoleInGroup" conditionName="isFalse" description=""/>
   <TcTypeDisplayRule hiddenTypeName="BT7_Document" accessorName="Change Control Manager in 110_MDesign_A"
       accessorType="RoleInGroup" conditionName="isFalse" description=""/>
   <TcTypeDisplayRule hiddenTypeName="BT7_Document" accessorName="Change Control Manager in 110_TechDoc_A"
       accessorType="RoleInGroup" conditionName="isFalse" description=""/>
   <TcTypeDisplayRule hiddenTypeName="BT7_Document" accessorName="Designer in 110_Laboratory_A"
       accessorType="RoleInGroup" conditionName="isFalse" description=""/>
   <TcTypeDisplayRule hiddenTypeName="BT7_Document" accessorName="Designer in 110_MDesign_A"
       accessorType="RoleInGroup" conditionName="isFalse" description=""/>
   <TcTypeDisplayRule hiddenTypeName="BT7_Document" accessorName="Designer in 110_PMarket_A"
       accessorType="RoleInGroup" conditionName="isFalse" description=""/>
   <TcTypeDisplayRule hiddenTypeName="BT7_Document" accessorName="Designer in 110_PPlanning_A"
       accessorType="RoleInGroup" conditionName="isFalse" description=""/>
   <TcTypeDisplayRule hiddenTypeName="BT7_Document" accessorName="Designer in 110_Quality_A"
       accessorType="RoleInGroup" conditionName="isFalse" description=""/>
   <TcTypeDisplayRule hiddenTypeName="BT7_Document" accessorName="Designer in 110_SDesign_A"
       accessorType="RoleInGroup" conditionName="isFalse" description=""/>
   <TcTypeDisplayRule hiddenTypeName="BT7_Document" accessorName="Planner in 110_PPlanning_A"
       accessorType="RoleInGroup" conditionName="isFalse" description=""/>
   <TcTypeDisplayRule hiddenTypeName="BT7_Document" accessorName="Planner in 110_PPlanning_B"
       accessorType="RoleInGroup" conditionName="isFalse" description=""/>
   <TcTypeDisplayRule hiddenTypeName="BT7_Manufacturer" accessorName="Designer in Common Component Engineering"
       accessorType="RoleInGroup" conditionName="isFalse" description=""/>
   <TcTypeDisplayRule hiddenTypeName="BT7_ProdTypeKey" accessorName="Change Control Manager in 110_Laboratory_A"
       accessorType="RoleInGroup" conditionName="isFalse" description=""/>
   <TcTypeDisplayRule hiddenTypeName="BT7_ProdTypeKey" accessorName="Change Control Manager in 110_MDesign_A"
       accessorType="RoleInGroup" conditionName="isFalse" description=""/>
   <TcTypeDisplayRule hiddenTypeName="BT7_ProdTypeKey" accessorName="Change Control Manager in 110_TechDoc_A"
       accessorType="RoleInGroup" conditionName="isFalse" description=""/>
   <TcTypeDisplayRule hiddenTypeName="BT7_ProdTypeKey" accessorName="Designer in 110_Laboratory_A"
       accessorType="RoleInGroup" conditionName="isFalse" description=""/>
   <TcTypeDisplayRule hiddenTypeName="BT7_ProdTypeKey" accessorName="Designer in 110_PPlanning_A"
       accessorType="RoleInGroup" conditionName="isFalse" description=""/>
   <TcTypeDisplayRule hiddenTypeName="BT7_ProdTypeKey" accessorName="Designer in 110_Quality_A"
       accessorType="RoleInGroup" conditionName="isFalse" description=""/>
   <TcTypeDisplayRule hiddenTypeName="BT7_ProdTypeKey" accessorName="Designer in 110_SDesign_A"
       accessorType="RoleInGroup" conditionName="isFalse" description=""/>
   <TcTypeDisplayRule hiddenTypeName="BT7_Product" accessorName="Designer in 110_MDesign_D"
       accessorType="RoleInGroup" conditionName="isFalse" description=""/>
   <TcTypeDisplayRule hiddenTypeName="BT7_Tool" accessorName="Designer in 110_MDesign_C"
       accessorType="RoleInGroup" conditionName="isFalse" description=""/>
</Add>
</TcBusinessData>
