<?xml version="1.0" encoding="UTF-8"?>
<TcBusinessData xmlns="http://teamcenter.com/BusinessModel/TcBusinessData" Date="">
<Add>
   <TcLOV name="BT7_LOV_FirstUse" lovType="ListOfValuesString" usage="Suggestive"
       description="BT7_LOV_FirstUse">
     <TcLOVValue value="AGA41/51" description="" conditionName="isTrue"/>
     <TcLOVValue value="AGA56" description="" conditionName="isTrue"/>
     <TcLOVValue value="AGA62" description="" conditionName="isTrue"/>
     <TcLOVValue value="AGA63" description="" conditionName="isTrue"/>
     <TcLOVValue value="AGA63.5" description="" conditionName="isTrue"/>
     <TcLOVValue value="AGA66" description="" conditionName="isTrue"/>
     <TcLOVValue value="AGA75" description="" conditionName="isTrue"/>
     <TcLOVValue value="AGB1" description="" conditionName="isTrue"/>
     <TcLOVValue value="AGC" description="" conditionName="isTrue"/>
     <TcLOVValue value="AGC Standard" description="" conditionName="isTrue"/>
     <TcLOVValue value="AGC01" description="" conditionName="isTrue"/>
     <TcLOVValue value="AGC02" description="" conditionName="isTrue"/>
     <TcLOVValue value="AGC2" description="" conditionName="isTrue"/>
     <TcLOVValue value="AGC21" description="" conditionName="isTrue"/>
     <TcLOVValue value="AGC22" description="" conditionName="isTrue"/>
     <TcLOVValue value="AGC24" description="" conditionName="isTrue"/>
     <TcLOVValue value="AGG2.11" description="" conditionName="isTrue"/>
     <TcLOVValue value="AGG5" description="" conditionName="isTrue"/>
     <TcLOVValue value="AGK" description="" conditionName="isTrue"/>
     <TcLOVValue value="AGK11" description="" conditionName="isTrue"/>
     <TcLOVValue value="AGK13" description="" conditionName="isTrue"/>
     <TcLOVValue value="AGM60" description="" conditionName="isTrue"/>
     <TcLOVValue value="AGU" description="" conditionName="isTrue"/>
     <TcLOVValue value="AGU2" description="" conditionName="isTrue"/>
     <TcLOVValue value="AGU2.5" description="" conditionName="isTrue"/>
     <TcLOVValue value="AGU2.56" description="" conditionName="isTrue"/>
     <TcLOVValue value="AGU3" description="" conditionName="isTrue"/>
     <TcLOVValue value="AGU3.7" description="" conditionName="isTrue"/>
     <TcLOVValue value="AL100" description="" conditionName="isTrue"/>
     <TcLOVValue value="ALG" description="" conditionName="isTrue"/>
     <TcLOVValue value="ALG12" description="" conditionName="isTrue"/>
     <TcLOVValue value="ASK" description="" conditionName="isTrue"/>
     <TcLOVValue value="ASR" description="" conditionName="isTrue"/>
     <TcLOVValue value="ASZ" description="" conditionName="isTrue"/>
     <TcLOVValue value="AZL2" description="" conditionName="isTrue"/>
     <TcLOVValue value="AZL5" description="" conditionName="isTrue"/>
     <TcLOVValue value="AZW" description="" conditionName="isTrue"/>
     <TcLOVValue value="BUD" description="" conditionName="isTrue"/>
     <TcLOVValue value="BUD/BUE" description="" conditionName="isTrue"/>
     <TcLOVValue value="BUE" description="" conditionName="isTrue"/>
     <TcLOVValue value="Capsy" description="" conditionName="isTrue"/>
     <TcLOVValue value="Chiron" description="" conditionName="isTrue"/>
     <TcLOVValue value="Diverse" description="" conditionName="isTrue"/>
     <TcLOVValue value="KF88..." description="" conditionName="isTrue"/>
     <TcLOVValue value="KF8832" description="" conditionName="isTrue"/>
     <TcLOVValue value="KLG" description="" conditionName="isTrue"/>
     <TcLOVValue value="KLG2" description="" conditionName="isTrue"/>
     <TcLOVValue value="LAE" description="" conditionName="isTrue"/>
     <TcLOVValue value="LAE/LAC/LFE" description="" conditionName="isTrue"/>
     <TcLOVValue value="LAE/LEB" description="" conditionName="isTrue"/>
     <TcLOVValue value="LAL" description="" conditionName="isTrue"/>
     <TcLOVValue value="LAL/LFL" description="" conditionName="isTrue"/>
     <TcLOVValue value="LD../LDS.." description="" conditionName="isTrue"/>
     <TcLOVValue value="LDU" description="" conditionName="isTrue"/>
     <TcLOVValue value="LDU11" description="" conditionName="isTrue"/>
     <TcLOVValue value="LEC" description="" conditionName="isTrue"/>
     <TcLOVValue value="LFE" description="" conditionName="isTrue"/>
     <TcLOVValue value="LFL" description="" conditionName="isTrue"/>
     <TcLOVValue value="LGK" description="" conditionName="isTrue"/>
     <TcLOVValue value="LMC" description="" conditionName="isTrue"/>
     <TcLOVValue value="LME" description="" conditionName="isTrue"/>
     <TcLOVValue value="LME1" description="" conditionName="isTrue"/>
     <TcLOVValue value="LME11" description="" conditionName="isTrue"/>
     <TcLOVValue value="LME22" description="" conditionName="isTrue"/>
     <TcLOVValue value="LME39" description="" conditionName="isTrue"/>
     <TcLOVValue value="LME7/8" description="" conditionName="isTrue"/>
     <TcLOVValue value="LMG" description="" conditionName="isTrue"/>
     <TcLOVValue value="LMK" description="" conditionName="isTrue"/>
     <TcLOVValue value="LMK Microgen" description="" conditionName="isTrue"/>
     <TcLOVValue value="LMK11" description="" conditionName="isTrue"/>
     <TcLOVValue value="LMO" description="" conditionName="isTrue"/>
     <TcLOVValue value="LMO Standard" description="" conditionName="isTrue"/>
     <TcLOVValue value="LMO1" description="" conditionName="isTrue"/>
     <TcLOVValue value="LMO2" description="" conditionName="isTrue"/>
     <TcLOVValue value="LMO6" description="" conditionName="isTrue"/>
     <TcLOVValue value="LMO82" description="" conditionName="isTrue"/>
     <TcLOVValue value="LMO82.100" description="" conditionName="isTrue"/>
     <TcLOVValue value="LMO82.12x" description="" conditionName="isTrue"/>
     <TcLOVValue value="LMO82-WH" description="" conditionName="isTrue"/>
     <TcLOVValue value="LMO84" description="" conditionName="isTrue"/>
     <TcLOVValue value="LMO85" description="" conditionName="isTrue"/>
     <TcLOVValue value="LMO86" description="" conditionName="isTrue"/>
     <TcLOVValue value="LMO88" description="" conditionName="isTrue"/>
     <TcLOVValue value="LMS14" description="" conditionName="isTrue"/>
     <TcLOVValue value="LMS15" description="" conditionName="isTrue"/>
     <TcLOVValue value="LMU" description="" conditionName="isTrue"/>
     <TcLOVValue value="LMU1" description="" conditionName="isTrue"/>
     <TcLOVValue value="LMU2" description="" conditionName="isTrue"/>
     <TcLOVValue value="LMU30" description="" conditionName="isTrue"/>
     <TcLOVValue value="LMU33" description="" conditionName="isTrue"/>
     <TcLOVValue value="LMU34" description="" conditionName="isTrue"/>
     <TcLOVValue value="LMU36" description="" conditionName="isTrue"/>
     <TcLOVValue value="LMU37" description="" conditionName="isTrue"/>
     <TcLOVValue value="LMU54" description="" conditionName="isTrue"/>
     <TcLOVValue value="LMU6" description="" conditionName="isTrue"/>
     <TcLOVValue value="LMU7" description="" conditionName="isTrue"/>
     <TcLOVValue value="LMU84" description="" conditionName="isTrue"/>
     <TcLOVValue value="LMU94" description="" conditionName="isTrue"/>
     <TcLOVValue value="LMV" description="" conditionName="isTrue"/>
     <TcLOVValue value="LMV20" description="" conditionName="isTrue"/>
     <TcLOVValue value="LMV27" description="" conditionName="isTrue"/>
     <TcLOVValue value="LMV36" description="" conditionName="isTrue"/>
     <TcLOVValue value="LMV5" description="" conditionName="isTrue"/>
     <TcLOVValue value="LMV51" description="" conditionName="isTrue"/>
     <TcLOVValue value="LMV52" description="" conditionName="isTrue"/>
     <TcLOVValue value="LOA" description="" conditionName="isTrue"/>
     <TcLOVValue value="LOA Meteor" description="" conditionName="isTrue"/>
     <TcLOVValue value="Loetrahmen" description="" conditionName="isTrue"/>
     <TcLOVValue value="LOK" description="" conditionName="isTrue"/>
     <TcLOVValue value="M3FB" description="" conditionName="isTrue"/>
     <TcLOVValue value="M3FK" description="" conditionName="isTrue"/>
     <TcLOVValue value="Magnetventil" description="" conditionName="isTrue"/>
     <TcLOVValue value="MCV" description="" conditionName="isTrue"/>
     <TcLOVValue value="MGS" description="" conditionName="isTrue"/>
     <TcLOVValue value="MGS/VGD" description="" conditionName="isTrue"/>
     <TcLOVValue value="MVL Kaelteventil" description="" conditionName="isTrue"/>
     <TcLOVValue value="MX" description="" conditionName="isTrue"/>
     <TcLOVValue value="MXG" description="" conditionName="isTrue"/>
     <TcLOVValue value="MXG461B" description="" conditionName="isTrue"/>
     <TcLOVValue value="MX-Ventile" description="" conditionName="isTrue"/>
     <TcLOVValue value="OCI42" description="" conditionName="isTrue"/>
     <TcLOVValue value="Pendelkegel" description="" conditionName="isTrue"/>
     <TcLOVValue value="PLL52" description="" conditionName="isTrue"/>
     <TcLOVValue value="PME7/8" description="" conditionName="isTrue"/>
     <TcLOVValue value="QGO" description="" conditionName="isTrue"/>
     <TcLOVValue value="QRA" description="" conditionName="isTrue"/>
     <TcLOVValue value="QRA4" description="" conditionName="isTrue"/>
     <TcLOVValue value="QRA5" description="" conditionName="isTrue"/>
     <TcLOVValue value="QRA7" description="" conditionName="isTrue"/>
     <TcLOVValue value="QRB" description="" conditionName="isTrue"/>
     <TcLOVValue value="QRB1" description="" conditionName="isTrue"/>
     <TcLOVValue value="QRC" description="" conditionName="isTrue"/>
     <TcLOVValue value="QRC1" description="" conditionName="isTrue"/>
     <TcLOVValue value="QRI" description="" conditionName="isTrue"/>
     <TcLOVValue value="QSZ" description="" conditionName="isTrue"/>
     <TcLOVValue value="QSZ1" description="" conditionName="isTrue"/>
     <TcLOVValue value="QSZ3" description="" conditionName="isTrue"/>
     <TcLOVValue value="SKB/SKC" description="" conditionName="isTrue"/>
     <TcLOVValue value="SKD" description="" conditionName="isTrue"/>
     <TcLOVValue value="SKL" description="" conditionName="isTrue"/>
     <TcLOVValue value="SKP" description="" conditionName="isTrue"/>
     <TcLOVValue value="SKP10" description="" conditionName="isTrue"/>
     <TcLOVValue value="SKP20" description="" conditionName="isTrue"/>
     <TcLOVValue value="SKP20/27" description="" conditionName="isTrue"/>
     <TcLOVValue value="SKP25" description="" conditionName="isTrue"/>
     <TcLOVValue value="SKP25/SKP27" description="" conditionName="isTrue"/>
     <TcLOVValue value="SKP27" description="" conditionName="isTrue"/>
     <TcLOVValue value="SKP50" description="" conditionName="isTrue"/>
     <TcLOVValue value="SKP7" description="" conditionName="isTrue"/>
     <TcLOVValue value="SKP70" description="" conditionName="isTrue"/>
     <TcLOVValue value="SKP70/50" description="" conditionName="isTrue"/>
     <TcLOVValue value="SKP75" description="" conditionName="isTrue"/>
     <TcLOVValue value="SKPX0" description="" conditionName="isTrue"/>
     <TcLOVValue value="SKPX3" description="" conditionName="isTrue"/>
     <TcLOVValue value="SKPX5" description="" conditionName="isTrue"/>
     <TcLOVValue value="SKPX5 ANSI" description="" conditionName="isTrue"/>
     <TcLOVValue value="SQB/SQC" description="" conditionName="isTrue"/>
     <TcLOVValue value="SQD" description="" conditionName="isTrue"/>
     <TcLOVValue value="SQM" description="" conditionName="isTrue"/>
     <TcLOVValue value="SQM10/20" description="" conditionName="isTrue"/>
     <TcLOVValue value="SQM4" description="" conditionName="isTrue"/>
     <TcLOVValue value="SQM40/41" description="" conditionName="isTrue"/>
     <TcLOVValue value="SQM45" description="" conditionName="isTrue"/>
     <TcLOVValue value="SQM45/48" description="" conditionName="isTrue"/>
     <TcLOVValue value="SQM48" description="" conditionName="isTrue"/>
     <TcLOVValue value="SQM5" description="" conditionName="isTrue"/>
     <TcLOVValue value="SQM9" description="" conditionName="isTrue"/>
     <TcLOVValue value="SQN3" description="" conditionName="isTrue"/>
     <TcLOVValue value="SQN7" description="" conditionName="isTrue"/>
     <TcLOVValue value="SQN9" description="" conditionName="isTrue"/>
     <TcLOVValue value="SQS27" description="" conditionName="isTrue"/>
     <TcLOVValue value="SQS35" description="" conditionName="isTrue"/>
     <TcLOVValue value="SQS37" description="" conditionName="isTrue"/>
     <TcLOVValue value="SQX" description="" conditionName="isTrue"/>
     <TcLOVValue value="SSB" description="" conditionName="isTrue"/>
     <TcLOVValue value="THT-Automat" description="" conditionName="isTrue"/>
     <TcLOVValue value="TQG3" description="" conditionName="isTrue"/>
     <TcLOVValue value="VBF21" description="" conditionName="isTrue"/>
     <TcLOVValue value="VBG-VBI31" description="" conditionName="isTrue"/>
     <TcLOVValue value="VCI31" description="" conditionName="isTrue"/>
     <TcLOVValue value="VDA" description="" conditionName="isTrue"/>
     <TcLOVValue value="VDM" description="" conditionName="isTrue"/>
     <TcLOVValue value="VDU" description="" conditionName="isTrue"/>
     <TcLOVValue value="VGD" description="" conditionName="isTrue"/>
     <TcLOVValue value="VGD/VGG/VLG" description="" conditionName="isTrue"/>
     <TcLOVValue value="VGD20" description="" conditionName="isTrue"/>
     <TcLOVValue value="VGD40" description="" conditionName="isTrue"/>
     <TcLOVValue value="VGD40_ANSI" description="" conditionName="isTrue"/>
     <TcLOVValue value="VGE" description="" conditionName="isTrue"/>
     <TcLOVValue value="VGF" description="" conditionName="isTrue"/>
     <TcLOVValue value="VGG" description="" conditionName="isTrue"/>
     <TcLOVValue value="VGG/VGF/VGH" description="" conditionName="isTrue"/>
     <TcLOVValue value="VGH" description="" conditionName="isTrue"/>
     <TcLOVValue value="VGJ" description="" conditionName="isTrue"/>
     <TcLOVValue value="VGU" description="" conditionName="isTrue"/>
     <TcLOVValue value="VGX" description="" conditionName="isTrue"/>
     <TcLOVValue value="VKF41" description="" conditionName="isTrue"/>
     <TcLOVValue value="VKG" description="" conditionName="isTrue"/>
     <TcLOVValue value="VLF" description="" conditionName="isTrue"/>
     <TcLOVValue value="VMP" description="" conditionName="isTrue"/>
     <TcLOVValue value="VMP/VXP47" description="" conditionName="isTrue"/>
     <TcLOVValue value="VMP469" description="" conditionName="isTrue"/>
     <TcLOVValue value="VMP47" description="" conditionName="isTrue"/>
     <TcLOVValue value="VPC009" description="" conditionName="isTrue"/>
     <TcLOVValue value="VPC011" description="" conditionName="isTrue"/>
     <TcLOVValue value="VPC013" description="" conditionName="isTrue"/>
     <TcLOVValue value="VPC017" description="" conditionName="isTrue"/>
     <TcLOVValue value="VPC019" description="" conditionName="isTrue"/>
     <TcLOVValue value="VPC020" description="" conditionName="isTrue"/>
     <TcLOVValue value="VPD/VPE" description="" conditionName="isTrue"/>
     <TcLOVValue value="VRF" description="" conditionName="isTrue"/>
     <TcLOVValue value="VRH" description="" conditionName="isTrue"/>
     <TcLOVValue value="VUD" description="" conditionName="isTrue"/>
     <TcLOVValue value="VUD BUD" description="" conditionName="isTrue"/>
     <TcLOVValue value="VUD/BUD/VUE/BUE" description="" conditionName="isTrue"/>
     <TcLOVValue value="VUD/VUE" description="" conditionName="isTrue"/>
     <TcLOVValue value="VUE" description="" conditionName="isTrue"/>
     <TcLOVValue value="VUE BUE" description="" conditionName="isTrue"/>
     <TcLOVValue value="VVF" description="" conditionName="isTrue"/>
     <TcLOVValue value="VVF/VXF" description="" conditionName="isTrue"/>
     <TcLOVValue value="VVF/VXF HT-Stopfbuchse" description="" conditionName="isTrue"/>
     <TcLOVValue value="VVF/VXF21" description="" conditionName="isTrue"/>
     <TcLOVValue value="VVF/VXF31" description="" conditionName="isTrue"/>
     <TcLOVValue value="VVF/VXF40" description="" conditionName="isTrue"/>
     <TcLOVValue value="VVF/VXF41" description="" conditionName="isTrue"/>
     <TcLOVValue value="VVF/VXF53" description="" conditionName="isTrue"/>
     <TcLOVValue value="VVF/VXF61" description="" conditionName="isTrue"/>
     <TcLOVValue value="VVF31" description="" conditionName="isTrue"/>
     <TcLOVValue value="VVF41" description="" conditionName="isTrue"/>
     <TcLOVValue value="VVF61" description="" conditionName="isTrue"/>
     <TcLOVValue value="VVG/VXG" description="" conditionName="isTrue"/>
     <TcLOVValue value="VVG/VXG41" description="" conditionName="isTrue"/>
     <TcLOVValue value="VVG/VXG44" description="" conditionName="isTrue"/>
     <TcLOVValue value="VVG41" description="" conditionName="isTrue"/>
     <TcLOVValue value="VVG459" description="" conditionName="isTrue"/>
     <TcLOVValue value="VVG549" description="" conditionName="isTrue"/>
     <TcLOVValue value="VVG55" description="" conditionName="isTrue"/>
     <TcLOVValue value="VVI/VXI41" description="" conditionName="isTrue"/>
     <TcLOVValue value="VVI41" description="" conditionName="isTrue"/>
     <TcLOVValue value="VVI52" description="" conditionName="isTrue"/>
     <TcLOVValue value="VVP" description="" conditionName="isTrue"/>
     <TcLOVValue value="VVP/VXP/VMP45" description="" conditionName="isTrue"/>
     <TcLOVValue value="VVP/VXP/VMP46" description="" conditionName="isTrue"/>
     <TcLOVValue value="VVP/VXP/VMP469" description="" conditionName="isTrue"/>
     <TcLOVValue value="VVP/VXP/VMP47" description="" conditionName="isTrue"/>
     <TcLOVValue value="VVP46.20" description="" conditionName="isTrue"/>
     <TcLOVValue value="VVP469" description="" conditionName="isTrue"/>
     <TcLOVValue value="VVP47" description="" conditionName="isTrue"/>
     <TcLOVValue value="VXB489" description="" conditionName="isTrue"/>
     <TcLOVValue value="VXF21.65 Sauter" description="" conditionName="isTrue"/>
     <TcLOVValue value="VXF31" description="" conditionName="isTrue"/>
     <TcLOVValue value="VXF41" description="" conditionName="isTrue"/>
     <TcLOVValue value="VXF61" description="" conditionName="isTrue"/>
     <TcLOVValue value="VXG/VXI48" description="" conditionName="isTrue"/>
     <TcLOVValue value="VXI41 DN 15" description="" conditionName="isTrue"/>
     <TcLOVValue value="VXI41 DN 20" description="" conditionName="isTrue"/>
     <TcLOVValue value="VXP" description="" conditionName="isTrue"/>
     <TcLOVValue value="VXP459" description="" conditionName="isTrue"/>
     <TcLOVValue value="VXP469" description="" conditionName="isTrue"/>
     <TcLOVValue value="VXP47" description="" conditionName="isTrue"/>
   </TcLOV>
</Add>
</TcBusinessData>
