<?xml version="1.0" encoding="UTF-8"?>
<TcBusinessData xmlns="http://teamcenter.com/BusinessModel/TcBusinessData" Date="">
<Add>
   <TcLOV name="BT7_LOV_Treatment_DE" lovType="ListOfValuesString" usage="Suggestive"
       description="BT7_LOV_Treatment_DE">
     <TcLOVValue value="---" description="" conditionName="isTrue"/>
     <TcLOVValue value="einsatzgehaertet" description="" conditionName="isTrue"/>
     <TcLOVValue value="gehaertet" description="" conditionName="isTrue"/>
     <TcLOVValue value="gehaertet und angelassen 57+3 HRC" description="" conditionName="isTrue"/>
     <TcLOVValue value="gehaertet und angelassen 59+2 HRC" description="" conditionName="isTrue"/>
     <TcLOVValue value="gehaertet und angelassen 61+2 HRC" description="" conditionName="isTrue"/>
     <TcLOVValue value="getempert" description="" conditionName="isTrue"/>
     <TcLOVValue value="hartcoatiert" description="" conditionName="isTrue"/>
     <TcLOVValue value="induktionsgehaertet 60+5 HRC" description="" conditionName="isTrue"/>
     <TcLOVValue value="Loetstopplack CTI &gt;= 175" description="" conditionName="isTrue"/>
     <TcLOVValue value="Loetstopplack CTI &gt;= 200" description="" conditionName="isTrue"/>
     <TcLOVValue value="oelgetraenkt" description="" conditionName="isTrue"/>
     <TcLOVValue value="phosphatiert" description="" conditionName="isTrue"/>
     <TcLOVValue value="plasmanitriert" description="" conditionName="isTrue"/>
     <TcLOVValue value="plasmanitriert Nht 0,3+0,2" description="" conditionName="isTrue"/>
     <TcLOVValue value="plasmanitriert Nht 0,4+0,2" description="" conditionName="isTrue"/>
     <TcLOVValue value="plasmanitriert Nht 0,5+0,2" description="" conditionName="isTrue"/>
     <TcLOVValue value="Reinigung nach VV H3 3329 1003" description="" conditionName="isTrue"/>
   </TcLOV>
</Add>
</TcBusinessData>
